<?xml version="1.0" encoding="UTF-8"?>
<osm version="0.6" generator="openstreetmap-cgimap 2.1.0 (2942774 spike-08.openstreetmap.org)" copyright="OpenStreetMap and contributors" attribution="http://www.openstreetmap.org/copyright" license="http://opendatacommons.org/licenses/odbl/1-0/">
 <bounds minlat="30.3246330" minlon="120.0587870" maxlat="30.3279950" maxlon="120.0615550"/>
 <node id="332344710" visible="true" version="3" changeset="116344774" timestamp="2022-01-19T14:20:03Z" user="Dulvoyinn" uid="12664715" lat="30.3226450" lon="120.0643231"/>
 <node id="332344908" visible="true" version="1" changeset="793843" timestamp="2009-01-16T07:01:16Z" user="dkt" uid="5553" lat="30.3238464" lon="120.0532297"/>
 <node id="1666814434" visible="true" version="4" changeset="120688964" timestamp="2022-05-08T05:13:02Z" user="萧苏晏" uid="6088120" lat="30.3248709" lon="120.0600228"/>
 <node id="1666814435" visible="true" version="5" changeset="163338129" timestamp="2025-03-07T18:01:35Z" user="Herman Lee" uid="6921384" lat="30.3219233" lon="120.0603486"/>
 <node id="1666814436" visible="true" version="4" changeset="120688964" timestamp="2022-05-08T05:13:02Z" user="萧苏晏" uid="6088120" lat="30.3162430" lon="120.0617378"/>
 <node id="1666814438" visible="true" version="4" changeset="122467300" timestamp="2022-06-16T14:21:51Z" user="萧苏晏" uid="6088120" lat="30.3235896" lon="120.0599924"/>
 <node id="1666814439" visible="true" version="5" changeset="122933848" timestamp="2022-06-28T02:59:18Z" user="萧苏晏" uid="6088120" lat="30.3180443" lon="120.0613401"/>
 <node id="1666814441" visible="true" version="4" changeset="122933848" timestamp="2022-06-28T02:59:18Z" user="萧苏晏" uid="6088120" lat="30.3201702" lon="120.0608237"/>
 <node id="1666814443" visible="true" version="6" changeset="120688964" timestamp="2022-05-08T05:13:02Z" user="萧苏晏" uid="6088120" lat="30.3273595" lon="120.0609845"/>
 <node id="1666814444" visible="true" version="4" changeset="124950291" timestamp="2022-08-16T02:43:24Z" user="萧苏晏" uid="6088120" lat="30.3262298" lon="120.0603564"/>
 <node id="1666815360" visible="true" version="2" changeset="10916244" timestamp="2012-03-09T06:23:33Z" user="vivimice" uid="621236" lat="30.3285911" lon="120.0621042"/>
 <node id="1666815361" visible="true" version="3" changeset="59619341" timestamp="2018-06-07T03:25:01Z" user="方恨少" uid="6161085" lat="30.3275899" lon="120.0611537"/>
 <node id="1666817244" visible="true" version="3" changeset="120688964" timestamp="2022-05-08T05:13:02Z" user="萧苏晏" uid="6088120" lat="30.3162262" lon="120.0616305"/>
 <node id="1666817246" visible="true" version="3" changeset="122467300" timestamp="2022-06-16T14:21:51Z" user="萧苏晏" uid="6088120" lat="30.3218979" lon="120.0602741"/>
 <node id="1666817248" visible="true" version="4" changeset="120688964" timestamp="2022-05-08T05:13:02Z" user="萧苏晏" uid="6088120" lat="30.3248530" lon="120.0598870"/>
 <node id="1666817251" visible="true" version="7" changeset="120688964" timestamp="2022-05-08T05:13:02Z" user="萧苏晏" uid="6088120" lat="30.3274362" lon="120.0608612"/>
 <node id="1666817255" visible="true" version="4" changeset="122933848" timestamp="2022-06-28T02:59:18Z" user="萧苏晏" uid="6088120" lat="30.3180373" lon="120.0612534"/>
 <node id="1666817256" visible="true" version="3" changeset="122933848" timestamp="2022-06-28T02:59:18Z" user="萧苏晏" uid="6088120" lat="30.3201583" lon="120.0607422"/>
 <node id="1666817257" visible="true" version="3" changeset="122467300" timestamp="2022-06-16T14:21:51Z" user="萧苏晏" uid="6088120" lat="30.3235821" lon="120.0598999"/>
 <node id="1666817259" visible="true" version="5" changeset="189439792" timestamp="2026-09-23T09:51:24Z" user="KnDOW" uid="24584477" lat="30.3261758" lon="120.0601930"/>
 <node id="1666818317" visible="true" version="2" changeset="59619341" timestamp="2018-06-07T03:25:01Z" user="方恨少" uid="6161085" lat="30.3286588" lon="120.0619889"/>
 <node id="1666818323" visible="true" version="3" changeset="120688964" timestamp="2022-05-08T05:13:02Z" user="萧苏晏" uid="6088120" lat="30.3276591" lon="120.0610273"/>
 <node id="1666831291" visible="true" version="4" changeset="120688964" timestamp="2022-05-08T05:13:02Z" user="萧苏晏" uid="6088120" lat="30.3244603" lon="120.0579668"/>
 <node id="1666831324" visible="true" version="4" changeset="120688964" timestamp="2022-05-08T05:13:02Z" user="萧苏晏" uid="6088120" lat="30.3252152" lon="120.0630034"/>
 <node id="1666831883" visible="true" version="4" changeset="124950291" timestamp="2022-08-16T02:43:24Z" user="萧苏晏" uid="6088120" lat="30.3261156" lon="120.0622409"/>
 <node id="3547388246" visible="true" version="3" changeset="120688964" timestamp="2022-05-08T05:13:02Z" user="萧苏晏" uid="6088120" lat="30.3247653" lon="120.0592569"/>
 <node id="3547388247" visible="true" version="3" changeset="122467300" timestamp="2022-06-16T14:21:51Z" user="萧苏晏" uid="6088120" lat="30.3239616" lon="120.0560028"/>
 <node id="3547388249" visible="true" version="5" changeset="120688964" timestamp="2022-05-08T05:13:02Z" user="萧苏晏" uid="6088120" lat="30.3280282" lon="120.0587149"/>
 <node id="3749296975" visible="true" version="1" changeset="34103814" timestamp="2015-09-18T14:05:37Z" user="Esperanza36" uid="83557" lat="30.3099120" lon="120.0682819"/>
 <node id="3749296987" visible="true" version="1" changeset="34103814" timestamp="2015-09-18T14:05:37Z" user="Esperanza36" uid="83557" lat="30.3198453" lon="120.0652885"/>
 <node id="3749296988" visible="true" version="1" changeset="34103814" timestamp="2015-09-18T14:05:37Z" user="Esperanza36" uid="83557" lat="30.3281570" lon="120.0601333"/>
 <node id="3749296998" visible="true" version="3" changeset="116393877" timestamp="2022-01-20T16:53:55Z" user="Dulvoyinn" uid="12664715" lat="30.3228193" lon="120.0642229"/>
 <node id="3749297014" visible="true" version="2" changeset="116393877" timestamp="2022-01-20T16:53:55Z" user="Dulvoyinn" uid="12664715" lat="30.3116110" lon="120.0677641"/>
 <node id="3749297015" visible="true" version="2" changeset="122939040" timestamp="2022-06-28T06:26:44Z" user="萧苏晏" uid="6088120" lat="30.3160156" lon="120.0669487"/>
 <node id="3749298036" visible="true" version="1" changeset="34103814" timestamp="2015-09-18T14:05:38Z" user="Esperanza36" uid="83557" lat="30.3149219" lon="120.0672664"/>
 <node id="3749298040" visible="true" version="1" changeset="34103814" timestamp="2015-09-18T14:05:38Z" user="Esperanza36" uid="83557" lat="30.3252494" lon="120.0605678"/>
 <node id="3749298058" visible="true" version="3" changeset="116493399" timestamp="2022-01-23T10:40:57Z" user="Dulvoyinn" uid="12664715" lat="30.3266985" lon="120.0619803"/>
 <node id="3749298087" visible="true" version="1" changeset="34103814" timestamp="2015-09-18T14:05:39Z" user="Esperanza36" uid="83557" lat="30.3183218" lon="120.0659376"/>
 <node id="3749298088" visible="true" version="2" changeset="116493399" timestamp="2022-01-23T10:40:57Z" user="Dulvoyinn" uid="12664715" lat="30.3251926" lon="120.0595751"/>
 <node id="3749298092" visible="true" version="1" changeset="34103814" timestamp="2015-09-18T14:05:39Z" user="Esperanza36" uid="83557" lat="30.3285691" lon="120.0600743"/>
 <node id="3749298119" visible="true" version="2" changeset="116393877" timestamp="2022-01-20T16:53:55Z" user="Dulvoyinn" uid="12664715" lat="30.3126904" lon="120.0673679"/>
 <node id="3749298121" visible="true" version="3" changeset="116393877" timestamp="2022-01-20T16:53:55Z" user="Dulvoyinn" uid="12664715" lat="30.3106263" lon="120.0681369"/>
 <node id="3749298123" visible="true" version="3" changeset="116493399" timestamp="2022-01-23T10:40:57Z" user="Dulvoyinn" uid="12664715" lat="30.3248197" lon="120.0635399"/>
 <node id="3749298131" visible="true" version="1" changeset="34103814" timestamp="2015-09-18T14:05:40Z" user="Esperanza36" uid="83557" lat="30.3278190" lon="120.0606161"/>
 <node id="3749298136" visible="true" version="2" changeset="59619341" timestamp="2018-06-07T03:25:01Z" user="方恨少" uid="6161085" lat="30.3257797" lon="120.0630154"/>
 <node id="3749298139" visible="true" version="2" changeset="59619341" timestamp="2018-06-07T03:25:01Z" user="方恨少" uid="6161085" lat="30.3290105" lon="120.0602127"/>
 <node id="3749298143" visible="true" version="2" changeset="116393877" timestamp="2022-01-20T16:53:55Z" user="Dulvoyinn" uid="12664715" lat="30.3130810" lon="120.0677190"/>
 <node id="5065260851" visible="true" version="4" changeset="120688964" timestamp="2022-05-08T05:13:02Z" user="萧苏晏" uid="6088120" lat="30.3253079" lon="120.0629551"/>
 <node id="5065260852" visible="true" version="4" changeset="120688964" timestamp="2022-05-08T05:13:02Z" user="萧苏晏" uid="6088120" lat="30.3249719" lon="120.0600364"/>
 <node id="5065260853" visible="true" version="3" changeset="120688964" timestamp="2022-05-08T05:13:02Z" user="萧苏晏" uid="6088120" lat="30.3249529" lon="120.0598988"/>
 <node id="5065260854" visible="true" version="3" changeset="120688964" timestamp="2022-05-08T05:13:02Z" user="萧苏晏" uid="6088120" lat="30.3248607" lon="120.0592190"/>
 <node id="5065260855" visible="true" version="3" changeset="120688964" timestamp="2022-05-08T05:13:02Z" user="萧苏晏" uid="6088120" lat="30.3246010" lon="120.0579603"/>
 <node id="5065260856" visible="true" version="3" changeset="122467300" timestamp="2022-06-16T14:21:51Z" user="萧苏晏" uid="6088120" lat="30.3240705" lon="120.0560019"/>
 <node id="5065260857" visible="true" version="3" changeset="110735968" timestamp="2021-09-05T05:00:15Z" user="萧苏晏" uid="6088120" lat="30.3237015" lon="120.0539060"/>
 <node id="5065260858" visible="true" version="4" changeset="110735968" timestamp="2021-09-05T05:00:15Z" user="萧苏晏" uid="6088120" lat="30.3235692" lon="120.0533002"/>
 <node id="5065260877" visible="true" version="5" changeset="170814640" timestamp="2025-08-22T07:34:39Z" user="LokingY" uid="17584918" lat="30.3235755" lon="120.0540271"/>
 <node id="5065260878" visible="true" version="5" changeset="170814640" timestamp="2025-08-22T07:34:39Z" user="LokingY" uid="17584918" lat="30.3234018" lon="120.0533115"/>
 <node id="5671012502" visible="true" version="3" changeset="105487099" timestamp="2021-05-28T11:17:46Z" user="方恨少" uid="6161085" lat="30.3277953" lon="120.0598706"/>
 <node id="5671012503" visible="true" version="1" changeset="59619341" timestamp="2018-06-07T03:24:54Z" user="方恨少" uid="6161085" lat="30.3279212" lon="120.0597357"/>
 <node id="5671012504" visible="true" version="1" changeset="59619341" timestamp="2018-06-07T03:24:54Z" user="方恨少" uid="6161085" lat="30.3280637" lon="120.0596861"/>
 <node id="5671012505" visible="true" version="1" changeset="59619341" timestamp="2018-06-07T03:24:54Z" user="方恨少" uid="6161085" lat="30.3281007" lon="120.0596465"/>
 <node id="5671012506" visible="true" version="1" changeset="59619341" timestamp="2018-06-07T03:24:54Z" user="方恨少" uid="6161085" lat="30.3281720" lon="120.0594946"/>
 <node id="5671012507" visible="true" version="1" changeset="59619341" timestamp="2018-06-07T03:24:54Z" user="方恨少" uid="6161085" lat="30.3282262" lon="120.0594484"/>
 <node id="5671012508" visible="true" version="1" changeset="59619341" timestamp="2018-06-07T03:24:54Z" user="方恨少" uid="6161085" lat="30.3282974" lon="120.0594219"/>
 <node id="5671012509" visible="true" version="2" changeset="105487099" timestamp="2021-05-28T11:17:46Z" user="方恨少" uid="6161085" lat="30.3286507" lon="120.0593889"/>
 <node id="5671012511" visible="true" version="1" changeset="59619341" timestamp="2018-06-07T03:24:54Z" user="方恨少" uid="6161085" lat="30.3277924" lon="120.0587057"/>
 <node id="5671012512" visible="true" version="1" changeset="59619341" timestamp="2018-06-07T03:24:54Z" user="方恨少" uid="6161085" lat="30.3273474" lon="120.0584054"/>
 <node id="5671012513" visible="true" version="1" changeset="59619341" timestamp="2018-06-07T03:24:54Z" user="方恨少" uid="6161085" lat="30.3272005" lon="120.0583153"/>
 <node id="5671012514" visible="true" version="1" changeset="59619341" timestamp="2018-06-07T03:24:54Z" user="方恨少" uid="6161085" lat="30.3268938" lon="120.0582002"/>
 <node id="5671012515" visible="true" version="1" changeset="59619341" timestamp="2018-06-07T03:24:54Z" user="方恨少" uid="6161085" lat="30.3264833" lon="120.0580751"/>
 <node id="5671012516" visible="true" version="1" changeset="59619341" timestamp="2018-06-07T03:24:54Z" user="方恨少" uid="6161085" lat="30.3263019" lon="120.0580351"/>
 <node id="5671012517" visible="true" version="1" changeset="59619341" timestamp="2018-06-07T03:24:54Z" user="方恨少" uid="6161085" lat="30.3257014" lon="120.0580050"/>
 <node id="5671012518" visible="true" version="1" changeset="59619341" timestamp="2018-06-07T03:24:54Z" user="方恨少" uid="6161085" lat="30.3251700" lon="120.0580401"/>
 <node id="5671012519" visible="true" version="1" changeset="59619341" timestamp="2018-06-07T03:24:54Z" user="方恨少" uid="6161085" lat="30.3250965" lon="120.0580951"/>
 <node id="5671012520" visible="true" version="1" changeset="59619341" timestamp="2018-06-07T03:24:54Z" user="方恨少" uid="6161085" lat="30.3250706" lon="120.0581552"/>
 <node id="5671013121" visible="true" version="1" changeset="59619341" timestamp="2018-06-07T03:24:55Z" user="方恨少" uid="6161085" lat="30.3253341" lon="120.0589460"/>
 <node id="5671013122" visible="true" version="1" changeset="59619341" timestamp="2018-06-07T03:24:55Z" user="方恨少" uid="6161085" lat="30.3254292" lon="120.0593464"/>
 <node id="5671013123" visible="true" version="1" changeset="59619341" timestamp="2018-06-07T03:24:55Z" user="方恨少" uid="6161085" lat="30.3254983" lon="120.0597168"/>
 <node id="5671013124" visible="true" version="1" changeset="59619341" timestamp="2018-06-07T03:24:55Z" user="方恨少" uid="6161085" lat="30.3254897" lon="120.0598870"/>
 <node id="5671013125" visible="true" version="1" changeset="59619341" timestamp="2018-06-07T03:24:55Z" user="方恨少" uid="6161085" lat="30.3258267" lon="120.0599721"/>
 <node id="5671013126" visible="true" version="1" changeset="59619341" timestamp="2018-06-07T03:24:55Z" user="方恨少" uid="6161085" lat="30.3260470" lon="120.0600371"/>
 <node id="5671013127" visible="true" version="1" changeset="59619341" timestamp="2018-06-07T03:24:55Z" user="方恨少" uid="6161085" lat="30.3263797" lon="120.0601572"/>
 <node id="5671013128" visible="true" version="1" changeset="59619341" timestamp="2018-06-07T03:24:55Z" user="方恨少" uid="6161085" lat="30.3265913" lon="120.0602523"/>
 <node id="5671013129" visible="true" version="1" changeset="59619341" timestamp="2018-06-07T03:24:55Z" user="方恨少" uid="6161085" lat="30.3267166" lon="120.0596667"/>
 <node id="5671013130" visible="true" version="1" changeset="59619341" timestamp="2018-06-07T03:24:55Z" user="方恨少" uid="6161085" lat="30.3268635" lon="120.0595266"/>
 <node id="5671013131" visible="true" version="1" changeset="59619341" timestamp="2018-06-07T03:24:55Z" user="方恨少" uid="6161085" lat="30.3269845" lon="120.0594465"/>
 <node id="5671013132" visible="true" version="1" changeset="59619341" timestamp="2018-06-07T03:24:55Z" user="方恨少" uid="6161085" lat="30.3270968" lon="120.0594715"/>
 <node id="5671013133" visible="true" version="1" changeset="59619341" timestamp="2018-06-07T03:24:55Z" user="方恨少" uid="6161085" lat="30.3272437" lon="120.0595466"/>
 <node id="5671013134" visible="true" version="1" changeset="59619341" timestamp="2018-06-07T03:24:55Z" user="方恨少" uid="6161085" lat="30.3274554" lon="120.0597118"/>
 <node id="5671013135" visible="true" version="1" changeset="59619341" timestamp="2018-06-07T03:24:55Z" user="方恨少" uid="6161085" lat="30.3278183" lon="120.0588659"/>
 <node id="5671013136" visible="true" version="1" changeset="59619341" timestamp="2018-06-07T03:24:55Z" user="方恨少" uid="6161085" lat="30.3278183" lon="120.0587658"/>
 <node id="5671013137" visible="true" version="1" changeset="59619341" timestamp="2018-06-07T03:24:55Z" user="方恨少" uid="6161085" lat="30.3268722" lon="120.0608279"/>
 <node id="5671013138" visible="true" version="1" changeset="59619341" timestamp="2018-06-07T03:24:55Z" user="方恨少" uid="6161085" lat="30.3257662" lon="120.0603625"/>
 <node id="5671013139" visible="true" version="1" changeset="59619341" timestamp="2018-06-07T03:24:55Z" user="方恨少" uid="6161085" lat="30.3256452" lon="120.0603625"/>
 <node id="5671013140" visible="true" version="1" changeset="59619341" timestamp="2018-06-07T03:24:55Z" user="方恨少" uid="6161085" lat="30.3255415" lon="120.0604325"/>
 <node id="5671013141" visible="true" version="1" changeset="59619341" timestamp="2018-06-07T03:24:55Z" user="方恨少" uid="6161085" lat="30.3254724" lon="120.0605527"/>
 <node id="5671013142" visible="true" version="1" changeset="59619341" timestamp="2018-06-07T03:24:55Z" user="方恨少" uid="6161085" lat="30.3254465" lon="120.0606978"/>
 <node id="5671013143" visible="true" version="1" changeset="59619341" timestamp="2018-06-07T03:24:55Z" user="方恨少" uid="6161085" lat="30.3254465" lon="120.0608830"/>
 <node id="5671013144" visible="true" version="1" changeset="59619341" timestamp="2018-06-07T03:24:55Z" user="方恨少" uid="6161085" lat="30.3257878" lon="120.0623695"/>
 <node id="5671013145" visible="true" version="1" changeset="59619341" timestamp="2018-06-07T03:24:55Z" user="方恨少" uid="6161085" lat="30.3259347" lon="120.0622244"/>
 <node id="5671013146" visible="true" version="1" changeset="59619341" timestamp="2018-06-07T03:24:55Z" user="方恨少" uid="6161085" lat="30.3264445" lon="120.0616088"/>
 <node id="5671013147" visible="true" version="1" changeset="59619341" timestamp="2018-06-07T03:24:55Z" user="方恨少" uid="6161085" lat="30.3268981" lon="120.0609931"/>
 <node id="5671013148" visible="true" version="1" changeset="59619341" timestamp="2018-06-07T03:24:55Z" user="方恨少" uid="6161085" lat="30.3269197" lon="120.0609431"/>
 <node id="5671013149" visible="true" version="1" changeset="59619341" timestamp="2018-06-07T03:24:55Z" user="方恨少" uid="6161085" lat="30.3269067" lon="120.0608730"/>
 <node id="5671013150" visible="true" version="1" changeset="59619341" timestamp="2018-06-07T03:24:55Z" user="方恨少" uid="6161085" lat="30.3270191" lon="120.0604876"/>
 <node id="5671013151" visible="true" version="1" changeset="59619341" timestamp="2018-06-07T03:24:55Z" user="方恨少" uid="6161085" lat="30.3271227" lon="120.0604876"/>
 <node id="5671013152" visible="true" version="1" changeset="59619341" timestamp="2018-06-07T03:24:55Z" user="方恨少" uid="6161085" lat="30.3271746" lon="120.0604175"/>
 <node id="5671013153" visible="true" version="1" changeset="59619341" timestamp="2018-06-07T03:24:55Z" user="方恨少" uid="6161085" lat="30.3282158" lon="120.0606728"/>
 <node id="5671013154" visible="true" version="1" changeset="59619341" timestamp="2018-06-07T03:24:55Z" user="方恨少" uid="6161085" lat="30.3279133" lon="120.0611132"/>
 <node id="5671013155" visible="true" version="1" changeset="59619341" timestamp="2018-06-07T03:24:55Z" user="方恨少" uid="6161085" lat="30.3282158" lon="120.0613735"/>
 <node id="5671013156" visible="true" version="1" changeset="59619341" timestamp="2018-06-07T03:24:55Z" user="方恨少" uid="6161085" lat="30.3285311" lon="120.0616838"/>
 <node id="5671013157" visible="true" version="1" changeset="59619341" timestamp="2018-06-07T03:24:55Z" user="方恨少" uid="6161085" lat="30.3286564" lon="120.0618640"/>
 <node id="5671013158" visible="true" version="1" changeset="59619341" timestamp="2018-06-07T03:24:55Z" user="方恨少" uid="6161085" lat="30.3288206" lon="120.0617139"/>
 <node id="5671013159" visible="true" version="1" changeset="59619341" timestamp="2018-06-07T03:24:55Z" user="方恨少" uid="6161085" lat="30.3287860" lon="120.0613335"/>
 <node id="5671013160" visible="true" version="1" changeset="59619341" timestamp="2018-06-07T03:24:55Z" user="方恨少" uid="6161085" lat="30.3286391" lon="120.0612033"/>
 <node id="5671013161" visible="true" version="1" changeset="59619341" timestamp="2018-06-07T03:24:55Z" user="方恨少" uid="6161085" lat="30.3286564" lon="120.0610932"/>
 <node id="5671013162" visible="true" version="1" changeset="59619341" timestamp="2018-06-07T03:24:55Z" user="方恨少" uid="6161085" lat="30.3282145" lon="120.0614925"/>
 <node id="5671013163" visible="true" version="1" changeset="59619341" timestamp="2018-06-07T03:24:55Z" user="方恨少" uid="6161085" lat="30.3279190" lon="120.0612243"/>
 <node id="5671013164" visible="true" version="1" changeset="59619341" timestamp="2018-06-07T03:24:55Z" user="方恨少" uid="6161085" lat="30.3278572" lon="120.0613587"/>
 <node id="5671013165" visible="true" version="1" changeset="59619341" timestamp="2018-06-07T03:24:55Z" user="方恨少" uid="6161085" lat="30.3281939" lon="120.0616664"/>
 <node id="5671013182" visible="true" version="2" changeset="116344774" timestamp="2022-01-19T14:20:03Z" user="Dulvoyinn" uid="12664715" lat="30.3263593" lon="120.0682444"/>
 <node id="5671013207" visible="true" version="2" changeset="116494146" timestamp="2022-01-23T11:02:00Z" user="Dulvoyinn" uid="12664715" lat="30.3277044" lon="120.0608221"/>
 <node id="5671013208" visible="true" version="2" changeset="116494146" timestamp="2022-01-23T11:02:00Z" user="Dulvoyinn" uid="12664715" lat="30.3275809" lon="120.0607374"/>
 <node id="5671013251" visible="true" version="2" changeset="116344774" timestamp="2022-01-19T14:20:03Z" user="Dulvoyinn" uid="12664715" lat="30.3263972" lon="120.0685881"/>
 <node id="5671013264" visible="true" version="1" changeset="59619341" timestamp="2018-06-07T03:24:57Z" user="方恨少" uid="6161085" lat="30.3283084" lon="120.0619517"/>
 <node id="5671013265" visible="true" version="1" changeset="59619341" timestamp="2018-06-07T03:24:57Z" user="方恨少" uid="6161085" lat="30.3281435" lon="120.0617853"/>
 <node id="5671013266" visible="true" version="1" changeset="59619341" timestamp="2018-06-07T03:24:57Z" user="方恨少" uid="6161085" lat="30.3277180" lon="120.0614340"/>
 <node id="5671013267" visible="true" version="2" changeset="116493399" timestamp="2022-01-23T10:40:57Z" user="Dulvoyinn" uid="12664715" lat="30.3275069" lon="120.0612693"/>
 <node id="5671013268" visible="true" version="2" changeset="116493399" timestamp="2022-01-23T10:40:57Z" user="Dulvoyinn" uid="12664715" lat="30.3272901" lon="120.0616399"/>
 <node id="5671013269" visible="true" version="2" changeset="116493399" timestamp="2022-01-23T10:40:57Z" user="Dulvoyinn" uid="12664715" lat="30.3269691" lon="120.0620102"/>
 <node id="5671013270" visible="true" version="2" changeset="116493399" timestamp="2022-01-23T10:40:57Z" user="Dulvoyinn" uid="12664715" lat="30.3267173" lon="120.0622929"/>
 <node id="5671013271" visible="true" version="2" changeset="116493399" timestamp="2022-01-23T10:40:57Z" user="Dulvoyinn" uid="12664715" lat="30.3265385" lon="120.0625803"/>
 <node id="5671013272" visible="true" version="2" changeset="116493399" timestamp="2022-01-23T10:40:57Z" user="Dulvoyinn" uid="12664715" lat="30.3262320" lon="120.0629306"/>
 <node id="5671013273" visible="true" version="2" changeset="116493399" timestamp="2022-01-23T10:40:57Z" user="Dulvoyinn" uid="12664715" lat="30.3258836" lon="120.0632432"/>
 <node id="5671013274" visible="true" version="2" changeset="116493399" timestamp="2022-01-23T10:40:57Z" user="Dulvoyinn" uid="12664715" lat="30.3254839" lon="120.0635026"/>
 <node id="5671013275" visible="true" version="1" changeset="59619341" timestamp="2018-06-07T03:24:57Z" user="方恨少" uid="6161085" lat="30.3257873" lon="120.0651744"/>
 <node id="5671013276" visible="true" version="1" changeset="59619341" timestamp="2018-06-07T03:24:57Z" user="方恨少" uid="6161085" lat="30.3258511" lon="120.0652052"/>
 <node id="5671013277" visible="true" version="1" changeset="59619341" timestamp="2018-06-07T03:24:57Z" user="方恨少" uid="6161085" lat="30.3261968" lon="120.0651067"/>
 <node id="5671013278" visible="true" version="1" changeset="59619341" timestamp="2018-06-07T03:24:57Z" user="方恨少" uid="6161085" lat="30.3265745" lon="120.0648478"/>
 <node id="5671013279" visible="true" version="1" changeset="59619341" timestamp="2018-06-07T03:24:57Z" user="方恨少" uid="6161085" lat="30.3266915" lon="120.0647431"/>
 <node id="5671013280" visible="true" version="1" changeset="59619341" timestamp="2018-06-07T03:24:57Z" user="方恨少" uid="6161085" lat="30.3272180" lon="120.0639235"/>
 <node id="5671013281" visible="true" version="1" changeset="59619341" timestamp="2018-06-07T03:24:57Z" user="方恨少" uid="6161085" lat="30.3275531" lon="120.0634675"/>
 <node id="5671013282" visible="true" version="1" changeset="59619341" timestamp="2018-06-07T03:24:57Z" user="方恨少" uid="6161085" lat="30.3283722" lon="120.0621119"/>
 <node id="5671013283" visible="true" version="1" changeset="59619341" timestamp="2018-06-07T03:24:57Z" user="方恨少" uid="6161085" lat="30.3283775" lon="120.0620441"/>
 <node id="5671013284" visible="true" version="2" changeset="116493399" timestamp="2022-01-23T10:40:57Z" user="Dulvoyinn" uid="12664715" lat="30.3256305" lon="120.0623400"/>
 <node id="5671013285" visible="true" version="2" changeset="116493399" timestamp="2022-01-23T10:40:57Z" user="Dulvoyinn" uid="12664715" lat="30.3262202" lon="120.0626698"/>
 <node id="5871747123" visible="true" version="3" changeset="137550158" timestamp="2023-06-20T08:10:17Z" user="lastboat" uid="5340880" lat="30.3030671" lon="120.0655144"/>
 <node id="6117636805" visible="true" version="1" changeset="65184320" timestamp="2018-12-05T06:09:38Z" user="方恨少" uid="6161085" lat="30.3339026" lon="120.0802088"/>
 <node id="6317764072" visible="true" version="1" changeset="67796166" timestamp="2019-03-05T09:00:53Z" user="方恨少" uid="6161085" lat="30.3318978" lon="120.0751614"/>
 <node id="6317764073" visible="true" version="1" changeset="67796166" timestamp="2019-03-05T09:00:53Z" user="方恨少" uid="6161085" lat="30.3318736" lon="120.0749606"/>
 <node id="6604499342" visible="true" version="1" changeset="72121257" timestamp="2019-07-11T07:06:36Z" user="方恨少" uid="6161085" lat="30.3226064" lon="120.0600654"/>
 <node id="6604499343" visible="true" version="1" changeset="72121257" timestamp="2019-07-11T07:06:36Z" user="方恨少" uid="6161085" lat="30.3230146" lon="120.0599679"/>
 <node id="6604499344" visible="true" version="1" changeset="72121257" timestamp="2019-07-11T07:06:36Z" user="方恨少" uid="6161085" lat="30.3244750" lon="120.0598612"/>
 <node id="6604499345" visible="true" version="1" changeset="72121257" timestamp="2019-07-11T07:06:36Z" user="方恨少" uid="6161085" lat="30.3239774" lon="120.0598526"/>
 <node id="6604499346" visible="true" version="1" changeset="72121257" timestamp="2019-07-11T07:06:36Z" user="方恨少" uid="6161085" lat="30.3239672" lon="120.0599607"/>
 <node id="6604499349" visible="true" version="1" changeset="72121257" timestamp="2019-07-11T07:06:36Z" user="方恨少" uid="6161085" lat="30.3243960" lon="120.0599787"/>
 <node id="6604499350" visible="true" version="2" changeset="120688964" timestamp="2022-05-08T05:13:02Z" user="萧苏晏" uid="6088120" lat="30.3246138" lon="120.0585301"/>
 <node id="6604499356" visible="true" version="2" changeset="122467300" timestamp="2022-06-16T14:21:51Z" user="萧苏晏" uid="6088120" lat="30.3241485" lon="120.0567857"/>
 <node id="6604499357" visible="true" version="2" changeset="122467300" timestamp="2022-06-16T14:21:51Z" user="萧苏晏" uid="6088120" lat="30.3242454" lon="120.0567167"/>
 <node id="6604499358" visible="true" version="2" changeset="120688964" timestamp="2022-05-08T05:13:02Z" user="萧苏晏" uid="6088120" lat="30.3246489" lon="120.0581445"/>
 <node id="6604499359" visible="true" version="2" changeset="120688964" timestamp="2022-05-08T05:13:02Z" user="萧苏晏" uid="6088120" lat="30.3253277" lon="120.0599524"/>
 <node id="6604499360" visible="true" version="1" changeset="72121257" timestamp="2019-07-11T07:06:36Z" user="方恨少" uid="6161085" lat="30.3253258" lon="120.0600927"/>
 <node id="6604499361" visible="true" version="2" changeset="120688964" timestamp="2022-05-08T05:13:02Z" user="萧苏晏" uid="6088120" lat="30.3251516" lon="120.0613920"/>
 <node id="6604499362" visible="true" version="2" changeset="120688964" timestamp="2022-05-08T05:13:02Z" user="萧苏晏" uid="6088120" lat="30.3252471" lon="120.0621129"/>
 <node id="6604499363" visible="true" version="2" changeset="120688964" timestamp="2022-05-08T05:13:02Z" user="萧苏晏" uid="6088120" lat="30.3250453" lon="120.0614192"/>
 <node id="6604499364" visible="true" version="2" changeset="120688964" timestamp="2022-05-08T05:13:02Z" user="萧苏晏" uid="6088120" lat="30.3251428" lon="120.0620666"/>
 <node id="6604499366" visible="true" version="2" changeset="120688964" timestamp="2022-05-08T05:13:02Z" user="萧苏晏" uid="6088120" lat="30.3257646" lon="120.0600479"/>
 <node id="6604499367" visible="true" version="2" changeset="120688964" timestamp="2022-05-08T05:13:02Z" user="萧苏晏" uid="6088120" lat="30.3267237" lon="120.0604316"/>
 <node id="6604499368" visible="true" version="1" changeset="72121257" timestamp="2019-07-11T07:06:36Z" user="方恨少" uid="6161085" lat="30.3257233" lon="120.0601928"/>
 <node id="6604499369" visible="true" version="2" changeset="124950291" timestamp="2022-08-16T02:43:24Z" user="萧苏晏" uid="6088120" lat="30.3266373" lon="120.0605441"/>
 <node id="6604535479" visible="true" version="1" changeset="72122329" timestamp="2019-07-11T07:44:13Z" user="方恨少" uid="6161085" lat="30.3230484" lon="120.0600379"/>
 <node id="6604535480" visible="true" version="1" changeset="72122329" timestamp="2019-07-11T07:44:13Z" user="方恨少" uid="6161085" lat="30.3226148" lon="120.0601440"/>
 <node id="6604535481" visible="true" version="1" changeset="72122329" timestamp="2019-07-11T07:44:13Z" user="方恨少" uid="6161085" lat="30.3239701" lon="120.0601590"/>
 <node id="6604535482" visible="true" version="1" changeset="72122329" timestamp="2019-07-11T07:44:13Z" user="方恨少" uid="6161085" lat="30.3240470" lon="120.0615266"/>
 <node id="6604535483" visible="true" version="1" changeset="72122329" timestamp="2019-07-11T07:44:13Z" user="方恨少" uid="6161085" lat="30.3248345" lon="120.0614562"/>
 <node id="6604535484" visible="true" version="1" changeset="72122329" timestamp="2019-07-11T07:44:13Z" user="方恨少" uid="6161085" lat="30.3249131" lon="120.0621087"/>
 <node id="6604557185" visible="true" version="1" changeset="72122329" timestamp="2019-07-11T07:44:13Z" user="方恨少" uid="6161085" lat="30.3244613" lon="120.0623970"/>
 <node id="6604557186" visible="true" version="1" changeset="72122329" timestamp="2019-07-11T07:44:13Z" user="方恨少" uid="6161085" lat="30.3241044" lon="120.0627725"/>
 <node id="6604557187" visible="true" version="1" changeset="72122329" timestamp="2019-07-11T07:44:13Z" user="方恨少" uid="6161085" lat="30.3238555" lon="120.0631063"/>
 <node id="6604557188" visible="true" version="1" changeset="72122329" timestamp="2019-07-11T07:44:13Z" user="方恨少" uid="6161085" lat="30.3236034" lon="120.0634287"/>
 <node id="6604557189" visible="true" version="1" changeset="72122329" timestamp="2019-07-11T07:44:13Z" user="方恨少" uid="6161085" lat="30.3228438" lon="120.0636146"/>
 <node id="6604557190" visible="true" version="1" changeset="72122329" timestamp="2019-07-11T07:44:13Z" user="方恨少" uid="6161085" lat="30.3228241" lon="120.0629470"/>
 <node id="6604557191" visible="true" version="1" changeset="72122329" timestamp="2019-07-11T07:44:13Z" user="方恨少" uid="6161085" lat="30.3227718" lon="120.0615169"/>
 <node id="6604557192" visible="true" version="1" changeset="72122329" timestamp="2019-07-11T07:44:13Z" user="方恨少" uid="6161085" lat="30.3221431" lon="120.0615700"/>
 <node id="6604557193" visible="true" version="1" changeset="72122329" timestamp="2019-07-11T07:44:13Z" user="方恨少" uid="6161085" lat="30.3221169" lon="120.0605497"/>
 <node id="6604557194" visible="true" version="1" changeset="72122329" timestamp="2019-07-11T07:44:13Z" user="方恨少" uid="6161085" lat="30.3221758" lon="120.0604473"/>
 <node id="6604557195" visible="true" version="1" changeset="72122329" timestamp="2019-07-11T07:44:13Z" user="方恨少" uid="6161085" lat="30.3222708" lon="120.0603904"/>
 <node id="6604557196" visible="true" version="1" changeset="72122329" timestamp="2019-07-11T07:44:13Z" user="方恨少" uid="6161085" lat="30.3231909" lon="120.0601438"/>
 <node id="6604557197" visible="true" version="1" changeset="72122329" timestamp="2019-07-11T07:44:13Z" user="方恨少" uid="6161085" lat="30.3234626" lon="120.0601248"/>
 <node id="6604557201" visible="true" version="1" changeset="72122329" timestamp="2019-07-11T07:44:13Z" user="方恨少" uid="6161085" lat="30.3246793" lon="120.0601908"/>
 <node id="6608744970" visible="true" version="2" changeset="116393877" timestamp="2022-01-20T16:53:55Z" user="Dulvoyinn" uid="12664715" lat="30.3168055" lon="120.0666775"/>
 <node id="7048129259" visible="true" version="1" changeset="78234188" timestamp="2019-12-11T02:47:30Z" user="潜者无疆" uid="9217594" lat="30.3276176" lon="120.0596989"/>
 <node id="7048129260" visible="true" version="3" changeset="120688964" timestamp="2022-05-08T05:13:02Z" user="萧苏晏" uid="6088120" lat="30.3282725" lon="120.0589505"/>
 <node id="7048129261" visible="true" version="2" changeset="105487099" timestamp="2021-05-28T11:17:46Z" user="方恨少" uid="6161085" lat="30.3291156" lon="120.0571314"/>
 <node id="7048129262" visible="true" version="3" changeset="120688964" timestamp="2022-05-08T05:13:02Z" user="萧苏晏" uid="6088120" lat="30.3274172" lon="120.0606115"/>
 <node id="7048129263" visible="true" version="2" changeset="105487099" timestamp="2021-05-28T11:17:46Z" user="方恨少" uid="6161085" lat="30.3291753" lon="120.0568976"/>
 <node id="7048129266" visible="true" version="2" changeset="105487099" timestamp="2021-05-28T11:17:46Z" user="方恨少" uid="6161085" lat="30.3304902" lon="120.0545940"/>
 <node id="7048129267" visible="true" version="2" changeset="105487099" timestamp="2021-05-28T11:17:46Z" user="方恨少" uid="6161085" lat="30.3277793" lon="120.0597400"/>
 <node id="7048129269" visible="true" version="3" changeset="124950291" timestamp="2022-08-16T02:43:24Z" user="萧苏晏" uid="6088120" lat="30.3304480" lon="120.0545485"/>
 <node id="7048129271" visible="true" version="3" changeset="124950291" timestamp="2022-08-16T02:43:24Z" user="萧苏晏" uid="6088120" lat="30.3290798" lon="120.0569280"/>
 <node id="7048129274" visible="true" version="3" changeset="124950291" timestamp="2022-08-16T02:43:24Z" user="萧苏晏" uid="6088120" lat="30.3272712" lon="120.0607620"/>
 <node id="7048129278" visible="true" version="1" changeset="78234188" timestamp="2019-12-11T02:47:30Z" user="潜者无疆" uid="9217594" lat="30.3289032" lon="120.0624930"/>
 <node id="7764749538" visible="true" version="1" changeset="88664852" timestamp="2020-07-29T08:32:33Z" user="Wupatki" uid="11187494" lat="30.3100705" lon="120.0682403"/>
 <node id="7819876367" visible="true" version="1" changeset="89512388" timestamp="2020-08-17T10:31:31Z" user="IsleofSkye9" uid="10529618" lat="30.3352371" lon="120.0696228"/>
 <node id="8776343989" visible="true" version="2" changeset="124950291" timestamp="2022-08-16T02:43:24Z" user="萧苏晏" uid="6088120" lat="30.3287245" lon="120.0575249"/>
 <node id="8776343993" visible="true" version="2" changeset="124950291" timestamp="2022-08-16T02:43:24Z" user="萧苏晏" uid="6088120" lat="30.3284638" lon="120.0581846"/>
 <node id="8776343994" visible="true" version="2" changeset="124950291" timestamp="2022-08-16T02:43:24Z" user="萧苏晏" uid="6088120" lat="30.3287790" lon="120.0575614"/>
 <node id="8776343995" visible="true" version="1" changeset="105487099" timestamp="2021-05-28T11:17:46Z" user="方恨少" uid="6161085" lat="30.3288152" lon="120.0576728"/>
 <node id="8776343996" visible="true" version="1" changeset="105487099" timestamp="2021-05-28T11:17:46Z" user="方恨少" uid="6161085" lat="30.3286197" lon="120.0581021"/>
 <node id="8776343997" visible="true" version="3" changeset="124950291" timestamp="2022-08-16T02:43:24Z" user="萧苏晏" uid="6088120" lat="30.3273574" lon="120.0605793"/>
 <node id="8776343998" visible="true" version="2" changeset="124950291" timestamp="2022-08-16T02:43:24Z" user="萧苏晏" uid="6088120" lat="30.3277144" lon="120.0597219"/>
 <node id="8776343999" visible="true" version="1" changeset="105487099" timestamp="2021-05-28T11:17:46Z" user="方恨少" uid="6161085" lat="30.3279216" lon="120.0594227"/>
 <node id="8972146210" visible="true" version="1" changeset="108975252" timestamp="2021-08-01T14:01:24Z" user="BJMTR" uid="13793923" lat="30.3283870" lon="120.0618293"/>
 <node id="9063471003" visible="true" version="2" changeset="120688964" timestamp="2022-05-08T05:13:02Z" user="萧苏晏" uid="6088120" lat="30.3252682" lon="120.0631861"/>
 <node id="9428276466" visible="true" version="1" changeset="116298736" timestamp="2022-01-18T13:14:52Z" user="BJMTR" uid="13793923" lat="30.3285666" lon="120.0617617"/>
 <node id="9431180287" visible="true" version="1" changeset="116344774" timestamp="2022-01-19T14:20:03Z" user="Dulvoyinn" uid="12664715" lat="30.3220148" lon="120.0645379"/>
 <node id="9431180288" visible="true" version="1" changeset="116344774" timestamp="2022-01-19T14:20:03Z" user="Dulvoyinn" uid="12664715" lat="30.3218864" lon="120.0645473"/>
 <node id="9434180216" visible="true" version="1" changeset="116393877" timestamp="2022-01-20T16:53:55Z" user="Dulvoyinn" uid="12664715" lat="30.3091852" lon="120.0684099"/>
 <node id="9434180217" visible="true" version="1" changeset="116393877" timestamp="2022-01-20T16:53:55Z" user="Dulvoyinn" uid="12664715" lat="30.3090057" lon="120.0680245"/>
 <node id="9434180218" visible="true" version="1" changeset="116393877" timestamp="2022-01-20T16:53:55Z" user="Dulvoyinn" uid="12664715" lat="30.3077280" lon="120.0650373"/>
 <node id="9434180219" visible="true" version="1" changeset="116393877" timestamp="2022-01-20T16:53:55Z" user="Dulvoyinn" uid="12664715" lat="30.3076661" lon="120.0649127"/>
 <node id="9434180220" visible="true" version="1" changeset="116393877" timestamp="2022-01-20T16:53:55Z" user="Dulvoyinn" uid="12664715" lat="30.3075688" lon="120.0648649"/>
 <node id="9434180221" visible="true" version="1" changeset="116393877" timestamp="2022-01-20T16:53:55Z" user="Dulvoyinn" uid="12664715" lat="30.3071238" lon="120.0649383"/>
 <node id="9434180222" visible="true" version="1" changeset="116393877" timestamp="2022-01-20T16:53:55Z" user="Dulvoyinn" uid="12664715" lat="30.3067288" lon="120.0651107"/>
 <node id="9434180223" visible="true" version="1" changeset="116393877" timestamp="2022-01-20T16:53:55Z" user="Dulvoyinn" uid="12664715" lat="30.3064444" lon="120.0651756"/>
 <node id="9434180224" visible="true" version="1" changeset="116393877" timestamp="2022-01-20T16:53:55Z" user="Dulvoyinn" uid="12664715" lat="30.3062322" lon="120.0652899"/>
 <node id="9434180225" visible="true" version="1" changeset="116393877" timestamp="2022-01-20T16:53:55Z" user="Dulvoyinn" uid="12664715" lat="30.3060657" lon="120.0653190"/>
 <node id="9434180226" visible="true" version="2" changeset="150944597" timestamp="2024-05-06T02:38:40Z" user="快乐的老鼠宝宝" uid="9403945" lat="30.3058962" lon="120.0654340"/>
 <node id="9434180227" visible="true" version="2" changeset="150944597" timestamp="2024-05-06T02:38:40Z" user="快乐的老鼠宝宝" uid="9403945" lat="30.3054848" lon="120.0654893"/>
 <node id="9434180228" visible="true" version="2" changeset="150944597" timestamp="2024-05-06T02:38:40Z" user="快乐的老鼠宝宝" uid="9403945" lat="30.3053273" lon="120.0653954"/>
 <node id="9434180229" visible="true" version="1" changeset="116393877" timestamp="2022-01-20T16:53:55Z" user="Dulvoyinn" uid="12664715" lat="30.3050193" lon="120.0653872"/>
 <node id="9434180264" visible="true" version="1" changeset="116393877" timestamp="2022-01-20T16:53:55Z" user="Dulvoyinn" uid="12664715" lat="30.3111854" lon="120.0679447"/>
 <node id="9434180326" visible="true" version="1" changeset="116393877" timestamp="2022-01-20T16:53:55Z" user="Dulvoyinn" uid="12664715" lat="30.3229744" lon="120.0641331"/>
 <node id="9434180327" visible="true" version="1" changeset="116393877" timestamp="2022-01-20T16:53:55Z" user="Dulvoyinn" uid="12664715" lat="30.3229978" lon="120.0642017"/>
 <node id="9441904770" visible="true" version="1" changeset="116493399" timestamp="2022-01-23T10:40:57Z" user="Dulvoyinn" uid="12664715" lat="30.3274500" lon="120.0611571"/>
 <node id="9441904771" visible="true" version="1" changeset="116493399" timestamp="2022-01-23T10:40:57Z" user="Dulvoyinn" uid="12664715" lat="30.3272977" lon="120.0613787"/>
 <node id="9441904772" visible="true" version="1" changeset="116493399" timestamp="2022-01-23T10:40:57Z" user="Dulvoyinn" uid="12664715" lat="30.3271584" lon="120.0615701"/>
 <node id="9441904773" visible="true" version="1" changeset="116493399" timestamp="2022-01-23T10:40:57Z" user="Dulvoyinn" uid="12664715" lat="30.3268632" lon="120.0618842"/>
 <node id="9441904774" visible="true" version="1" changeset="116493399" timestamp="2022-01-23T10:40:57Z" user="Dulvoyinn" uid="12664715" lat="30.3268187" lon="120.0619767"/>
 <node id="9441904775" visible="true" version="1" changeset="116493399" timestamp="2022-01-23T10:40:57Z" user="Dulvoyinn" uid="12664715" lat="30.3267165" lon="120.0620563"/>
 <node id="9441904776" visible="true" version="1" changeset="116493399" timestamp="2022-01-23T10:40:57Z" user="Dulvoyinn" uid="12664715" lat="30.3266033" lon="120.0623080"/>
 <node id="9441904777" visible="true" version="1" changeset="116493399" timestamp="2022-01-23T10:40:57Z" user="Dulvoyinn" uid="12664715" lat="30.3262913" lon="120.0626801"/>
 <node id="9441904778" visible="true" version="1" changeset="116493399" timestamp="2022-01-23T10:40:57Z" user="Dulvoyinn" uid="12664715" lat="30.3259849" lon="120.0630006"/>
 <node id="9441904779" visible="true" version="1" changeset="116493399" timestamp="2022-01-23T10:40:57Z" user="Dulvoyinn" uid="12664715" lat="30.3258494" lon="120.0631168"/>
 <node id="9441904780" visible="true" version="1" changeset="116493399" timestamp="2022-01-23T10:40:57Z" user="Dulvoyinn" uid="12664715" lat="30.3256303" lon="120.0632695"/>
 <node id="9441904781" visible="true" version="1" changeset="116493399" timestamp="2022-01-23T10:40:57Z" user="Dulvoyinn" uid="12664715" lat="30.3251679" lon="120.0634782"/>
 <node id="9441904782" visible="true" version="1" changeset="116493399" timestamp="2022-01-23T10:40:57Z" user="Dulvoyinn" uid="12664715" lat="30.3249098" lon="120.0635750"/>
 <node id="9441904783" visible="true" version="1" changeset="116493399" timestamp="2022-01-23T10:40:57Z" user="Dulvoyinn" uid="12664715" lat="30.3247056" lon="120.0636202"/>
 <node id="9441904784" visible="true" version="1" changeset="116493399" timestamp="2022-01-23T10:40:57Z" user="Dulvoyinn" uid="12664715" lat="30.3244215" lon="120.0637277"/>
 <node id="9441904785" visible="true" version="1" changeset="116493399" timestamp="2022-01-23T10:40:57Z" user="Dulvoyinn" uid="12664715" lat="30.3232535" lon="120.0641279"/>
 <node id="9441904786" visible="true" version="1" changeset="116493399" timestamp="2022-01-23T10:40:57Z" user="Dulvoyinn" uid="12664715" lat="30.3233835" lon="120.0639687"/>
 <node id="9441904787" visible="true" version="1" changeset="116493399" timestamp="2022-01-23T10:40:57Z" user="Dulvoyinn" uid="12664715" lat="30.3241931" lon="120.0636869"/>
 <node id="9441904788" visible="true" version="1" changeset="116493399" timestamp="2022-01-23T10:40:57Z" user="Dulvoyinn" uid="12664715" lat="30.3242080" lon="120.0637450"/>
 <node id="9441904789" visible="true" version="1" changeset="116493399" timestamp="2022-01-23T10:40:57Z" user="Dulvoyinn" uid="12664715" lat="30.3254882" lon="120.0632635"/>
 <node id="9441904790" visible="true" version="1" changeset="116493399" timestamp="2022-01-23T10:40:57Z" user="Dulvoyinn" uid="12664715" lat="30.3249135" lon="120.0634416"/>
 <node id="9441904791" visible="true" version="1" changeset="116493399" timestamp="2022-01-23T10:40:57Z" user="Dulvoyinn" uid="12664715" lat="30.3251048" lon="120.0633577"/>
 <node id="9441904792" visible="true" version="1" changeset="116493399" timestamp="2022-01-23T10:40:57Z" user="Dulvoyinn" uid="12664715" lat="30.3251958" lon="120.0633491"/>
 <node id="9441904793" visible="true" version="1" changeset="116493399" timestamp="2022-01-23T10:40:57Z" user="Dulvoyinn" uid="12664715" lat="30.3254725" lon="120.0631835"/>
 <node id="9441904794" visible="true" version="1" changeset="116493399" timestamp="2022-01-23T10:40:57Z" user="Dulvoyinn" uid="12664715" lat="30.3256117" lon="120.0630394"/>
 <node id="9441904795" visible="true" version="1" changeset="116493399" timestamp="2022-01-23T10:40:57Z" user="Dulvoyinn" uid="12664715" lat="30.3256581" lon="120.0629899"/>
 <node id="9441904796" visible="true" version="1" changeset="116493399" timestamp="2022-01-23T10:40:57Z" user="Dulvoyinn" uid="12664715" lat="30.3256693" lon="120.0629253"/>
 <node id="9441904797" visible="true" version="1" changeset="116493399" timestamp="2022-01-23T10:40:57Z" user="Dulvoyinn" uid="12664715" lat="30.3256637" lon="120.0628479"/>
 <node id="9441904798" visible="true" version="1" changeset="116493399" timestamp="2022-01-23T10:40:57Z" user="Dulvoyinn" uid="12664715" lat="30.3256074" lon="120.0625302"/>
 <node id="9441904799" visible="true" version="1" changeset="116493399" timestamp="2022-01-23T10:40:57Z" user="Dulvoyinn" uid="12664715" lat="30.3253991" lon="120.0615417"/>
 <node id="9441904800" visible="true" version="1" changeset="116493399" timestamp="2022-01-23T10:40:57Z" user="Dulvoyinn" uid="12664715" lat="30.3253009" lon="120.0609945"/>
 <node id="9441904801" visible="true" version="1" changeset="116493399" timestamp="2022-01-23T10:40:57Z" user="Dulvoyinn" uid="12664715" lat="30.3252112" lon="120.0605964"/>
 <node id="9441904802" visible="true" version="1" changeset="116493399" timestamp="2022-01-23T10:40:57Z" user="Dulvoyinn" uid="12664715" lat="30.3251773" lon="120.0604003"/>
 <node id="9441904803" visible="true" version="1" changeset="116493399" timestamp="2022-01-23T10:40:57Z" user="Dulvoyinn" uid="12664715" lat="30.3251706" lon="120.0601943"/>
 <node id="9441904804" visible="true" version="1" changeset="116493399" timestamp="2022-01-23T10:40:57Z" user="Dulvoyinn" uid="12664715" lat="30.3251418" lon="120.0597589"/>
 <node id="9441904805" visible="true" version="1" changeset="116493399" timestamp="2022-01-23T10:40:57Z" user="Dulvoyinn" uid="12664715" lat="30.3251372" lon="120.0594236"/>
 <node id="9441904806" visible="true" version="1" changeset="116493399" timestamp="2022-01-23T10:40:57Z" user="Dulvoyinn" uid="12664715" lat="30.3250889" lon="120.0588471"/>
 <node id="9441904807" visible="true" version="1" changeset="116493399" timestamp="2022-01-23T10:40:57Z" user="Dulvoyinn" uid="12664715" lat="30.3247912" lon="120.0576020"/>
 <node id="9441904808" visible="true" version="1" changeset="116493399" timestamp="2022-01-23T10:40:57Z" user="Dulvoyinn" uid="12664715" lat="30.3244400" lon="120.0562333"/>
 <node id="9441904809" visible="true" version="1" changeset="116493399" timestamp="2022-01-23T10:40:57Z" user="Dulvoyinn" uid="12664715" lat="30.3242634" lon="120.0551725"/>
 <node id="9441904810" visible="true" version="1" changeset="116493399" timestamp="2022-01-23T10:40:57Z" user="Dulvoyinn" uid="12664715" lat="30.3250948" lon="120.0593974"/>
 <node id="9441904811" visible="true" version="1" changeset="116493399" timestamp="2022-01-23T10:40:57Z" user="Dulvoyinn" uid="12664715" lat="30.3250501" lon="120.0592305"/>
 <node id="9441904812" visible="true" version="1" changeset="116493399" timestamp="2022-01-23T10:40:57Z" user="Dulvoyinn" uid="12664715" lat="30.3250869" lon="120.0591529"/>
 <node id="9441904813" visible="true" version="1" changeset="116493399" timestamp="2022-01-23T10:40:57Z" user="Dulvoyinn" uid="12664715" lat="30.3250646" lon="120.0590714"/>
 <node id="9441904814" visible="true" version="1" changeset="116493399" timestamp="2022-01-23T10:40:57Z" user="Dulvoyinn" uid="12664715" lat="30.3250568" lon="120.0589083"/>
 <node id="9441904815" visible="true" version="1" changeset="116493399" timestamp="2022-01-23T10:40:57Z" user="Dulvoyinn" uid="12664715" lat="30.3249685" lon="120.0585874"/>
 <node id="9441904816" visible="true" version="1" changeset="116493399" timestamp="2022-01-23T10:40:57Z" user="Dulvoyinn" uid="12664715" lat="30.3249105" lon="120.0582859"/>
 <node id="9441904817" visible="true" version="1" changeset="116493399" timestamp="2022-01-23T10:40:57Z" user="Dulvoyinn" uid="12664715" lat="30.3248367" lon="120.0580440"/>
 <node id="9441904818" visible="true" version="1" changeset="116493399" timestamp="2022-01-23T10:40:57Z" user="Dulvoyinn" uid="12664715" lat="30.3247820" lon="120.0578085"/>
 <node id="9441904819" visible="true" version="1" changeset="116493399" timestamp="2022-01-23T10:40:57Z" user="Dulvoyinn" uid="12664715" lat="30.3246290" lon="120.0572533"/>
 <node id="9441904820" visible="true" version="1" changeset="116493399" timestamp="2022-01-23T10:40:57Z" user="Dulvoyinn" uid="12664715" lat="30.3244916" lon="120.0567798"/>
 <node id="9441904821" visible="true" version="1" changeset="116493399" timestamp="2022-01-23T10:40:57Z" user="Dulvoyinn" uid="12664715" lat="30.3243632" lon="120.0561160"/>
 <node id="9441904822" visible="true" version="1" changeset="116493399" timestamp="2022-01-23T10:40:57Z" user="Dulvoyinn" uid="12664715" lat="30.3242816" lon="120.0556540"/>
 <node id="9441904823" visible="true" version="1" changeset="116493399" timestamp="2022-01-23T10:40:57Z" user="Dulvoyinn" uid="12664715" lat="30.3242213" lon="120.0552115"/>
 <node id="9441904824" visible="true" version="1" changeset="116493399" timestamp="2022-01-23T10:40:57Z" user="Dulvoyinn" uid="12664715" lat="30.3241666" lon="120.0549100"/>
 <node id="9441904825" visible="true" version="1" changeset="116493399" timestamp="2022-01-23T10:40:57Z" user="Dulvoyinn" uid="12664715" lat="30.3240951" lon="120.0546072"/>
 <node id="9441904826" visible="true" version="1" changeset="116493399" timestamp="2022-01-23T10:40:57Z" user="Dulvoyinn" uid="12664715" lat="30.3240259" lon="120.0543005"/>
 <node id="9441904827" visible="true" version="1" changeset="116493399" timestamp="2022-01-23T10:40:57Z" user="Dulvoyinn" uid="12664715" lat="30.3239376" lon="120.0538813"/>
 <node id="9441904828" visible="true" version="1" changeset="116493399" timestamp="2022-01-23T10:40:57Z" user="Dulvoyinn" uid="12664715" lat="30.3238985" lon="120.0537972"/>
 <node id="9441904829" visible="true" version="1" changeset="116493399" timestamp="2022-01-23T10:40:57Z" user="Dulvoyinn" uid="12664715" lat="30.3238427" lon="120.0534724"/>
 <node id="9441904830" visible="true" version="1" changeset="116493399" timestamp="2022-01-23T10:40:57Z" user="Dulvoyinn" uid="12664715" lat="30.3238192" lon="120.0534103"/>
 <node id="9441904831" visible="true" version="1" changeset="116493399" timestamp="2022-01-23T10:40:57Z" user="Dulvoyinn" uid="12664715" lat="30.3237768" lon="120.0533663"/>
 <node id="9441904832" visible="true" version="1" changeset="116493399" timestamp="2022-01-23T10:40:57Z" user="Dulvoyinn" uid="12664715" lat="30.3237290" lon="120.0533385"/>
 <node id="9441904833" visible="true" version="1" changeset="116493399" timestamp="2022-01-23T10:40:57Z" user="Dulvoyinn" uid="12664715" lat="30.3232613" lon="120.0532044"/>
 <node id="9441904834" visible="true" version="1" changeset="116493399" timestamp="2022-01-23T10:40:57Z" user="Dulvoyinn" uid="12664715" lat="30.3230576" lon="120.0531079"/>
 <node id="9441904835" visible="true" version="1" changeset="116493399" timestamp="2022-01-23T10:40:57Z" user="Dulvoyinn" uid="12664715" lat="30.3229156" lon="120.0530864"/>
 <node id="9441904836" visible="true" version="1" changeset="116493399" timestamp="2022-01-23T10:40:57Z" user="Dulvoyinn" uid="12664715" lat="30.3226470" lon="120.0530793"/>
 <node id="9441904837" visible="true" version="1" changeset="116493399" timestamp="2022-01-23T10:40:57Z" user="Dulvoyinn" uid="12664715" lat="30.3225035" lon="120.0530971"/>
 <node id="9441904838" visible="true" version="1" changeset="116493399" timestamp="2022-01-23T10:40:57Z" user="Dulvoyinn" uid="12664715" lat="30.3224062" lon="120.0530989"/>
 <node id="9441904839" visible="true" version="1" changeset="116493399" timestamp="2022-01-23T10:40:57Z" user="Dulvoyinn" uid="12664715" lat="30.3223507" lon="120.0530059"/>
 <node id="9441904840" visible="true" version="1" changeset="116493399" timestamp="2022-01-23T10:40:57Z" user="Dulvoyinn" uid="12664715" lat="30.3222087" lon="120.0529988"/>
 <node id="9441904841" visible="true" version="1" changeset="116493399" timestamp="2022-01-23T10:40:57Z" user="Dulvoyinn" uid="12664715" lat="30.3221485" lon="120.0530649"/>
 <node id="9441904842" visible="true" version="1" changeset="116493399" timestamp="2022-01-23T10:40:57Z" user="Dulvoyinn" uid="12664715" lat="30.3217996" lon="120.0531150"/>
 <node id="9441904843" visible="true" version="1" changeset="116493399" timestamp="2022-01-23T10:40:57Z" user="Dulvoyinn" uid="12664715" lat="30.3216808" lon="120.0531490"/>
 <node id="9441904844" visible="true" version="1" changeset="116493399" timestamp="2022-01-23T10:40:57Z" user="Dulvoyinn" uid="12664715" lat="30.3215851" lon="120.0532277"/>
 <node id="9441904845" visible="true" version="1" changeset="116493399" timestamp="2022-01-23T10:40:57Z" user="Dulvoyinn" uid="12664715" lat="30.3212254" lon="120.0534440"/>
 <node id="9441904846" visible="true" version="1" changeset="116493399" timestamp="2022-01-23T10:40:57Z" user="Dulvoyinn" uid="12664715" lat="30.3208874" lon="120.0536014"/>
 <node id="9441904847" visible="true" version="1" changeset="116493399" timestamp="2022-01-23T10:40:57Z" user="Dulvoyinn" uid="12664715" lat="30.3207646" lon="120.0536640"/>
 <node id="9441904848" visible="true" version="1" changeset="116493399" timestamp="2022-01-23T10:40:57Z" user="Dulvoyinn" uid="12664715" lat="30.3206712" lon="120.0534432"/>
 <node id="9441904849" visible="true" version="1" changeset="116493399" timestamp="2022-01-23T10:40:57Z" user="Dulvoyinn" uid="12664715" lat="30.3209123" lon="120.0533118"/>
 <node id="9441904850" visible="true" version="1" changeset="116493399" timestamp="2022-01-23T10:40:57Z" user="Dulvoyinn" uid="12664715" lat="30.3210790" lon="120.0531865"/>
 <node id="9441904851" visible="true" version="1" changeset="116493399" timestamp="2022-01-23T10:40:57Z" user="Dulvoyinn" uid="12664715" lat="30.3211943" lon="120.0530755"/>
 <node id="9441904852" visible="true" version="1" changeset="116493399" timestamp="2022-01-23T10:40:57Z" user="Dulvoyinn" uid="12664715" lat="30.3212138" lon="120.0529215"/>
 <node id="9441904853" visible="true" version="1" changeset="116493399" timestamp="2022-01-23T10:40:57Z" user="Dulvoyinn" uid="12664715" lat="30.3212031" lon="120.0527017"/>
 <node id="9441904854" visible="true" version="1" changeset="116493399" timestamp="2022-01-23T10:40:57Z" user="Dulvoyinn" uid="12664715" lat="30.3211765" lon="120.0525189"/>
 <node id="9441904855" visible="true" version="1" changeset="116493399" timestamp="2022-01-23T10:40:57Z" user="Dulvoyinn" uid="12664715" lat="30.3212865" lon="120.0525025"/>
 <node id="9441904856" visible="true" version="1" changeset="116493399" timestamp="2022-01-23T10:40:57Z" user="Dulvoyinn" uid="12664715" lat="30.3213450" lon="120.0526134"/>
 <node id="9441904857" visible="true" version="1" changeset="116493399" timestamp="2022-01-23T10:40:57Z" user="Dulvoyinn" uid="12664715" lat="30.3214478" lon="120.0527346"/>
 <node id="9441904858" visible="true" version="1" changeset="116493399" timestamp="2022-01-23T10:40:57Z" user="Dulvoyinn" uid="12664715" lat="30.3215489" lon="120.0527921"/>
 <node id="9441904859" visible="true" version="1" changeset="116493399" timestamp="2022-01-23T10:40:57Z" user="Dulvoyinn" uid="12664715" lat="30.3218148" lon="120.0527674"/>
 <node id="9441904860" visible="true" version="1" changeset="116493399" timestamp="2022-01-23T10:40:57Z" user="Dulvoyinn" uid="12664715" lat="30.3219850" lon="120.0527448"/>
 <node id="9441904861" visible="true" version="1" changeset="116493399" timestamp="2022-01-23T10:40:57Z" user="Dulvoyinn" uid="12664715" lat="30.3221943" lon="120.0527674"/>
 <node id="9441904862" visible="true" version="1" changeset="116493399" timestamp="2022-01-23T10:40:57Z" user="Dulvoyinn" uid="12664715" lat="30.3223503" lon="120.0527633"/>
 <node id="9441904863" visible="true" version="1" changeset="116493399" timestamp="2022-01-23T10:40:57Z" user="Dulvoyinn" uid="12664715" lat="30.3223680" lon="120.0527839"/>
 <node id="9441904864" visible="true" version="1" changeset="116493399" timestamp="2022-01-23T10:40:57Z" user="Dulvoyinn" uid="12664715" lat="30.3226145" lon="120.0527407"/>
 <node id="9441904865" visible="true" version="1" changeset="116493399" timestamp="2022-01-23T10:40:57Z" user="Dulvoyinn" uid="12664715" lat="30.3226517" lon="120.0526997"/>
 <node id="9441904866" visible="true" version="1" changeset="116493399" timestamp="2022-01-23T10:40:57Z" user="Dulvoyinn" uid="12664715" lat="30.3227723" lon="120.0526421"/>
 <node id="9441904867" visible="true" version="1" changeset="116493399" timestamp="2022-01-23T10:40:57Z" user="Dulvoyinn" uid="12664715" lat="30.3228521" lon="120.0526237"/>
 <node id="9441904868" visible="true" version="1" changeset="116493399" timestamp="2022-01-23T10:40:57Z" user="Dulvoyinn" uid="12664715" lat="30.3228977" lon="120.0525839"/>
 <node id="9441904869" visible="true" version="1" changeset="116493399" timestamp="2022-01-23T10:40:57Z" user="Dulvoyinn" uid="12664715" lat="30.3229202" lon="120.0525177"/>
 <node id="9441904870" visible="true" version="1" changeset="116493399" timestamp="2022-01-23T10:40:57Z" user="Dulvoyinn" uid="12664715" lat="30.3229269" lon="120.0524633"/>
 <node id="9441904871" visible="true" version="1" changeset="116493399" timestamp="2022-01-23T10:40:57Z" user="Dulvoyinn" uid="12664715" lat="30.3229489" lon="120.0524427"/>
 <node id="9441904872" visible="true" version="1" changeset="116493399" timestamp="2022-01-23T10:40:57Z" user="Dulvoyinn" uid="12664715" lat="30.3234213" lon="120.0525204"/>
 <node id="9441904873" visible="true" version="1" changeset="116493399" timestamp="2022-01-23T10:40:57Z" user="Dulvoyinn" uid="12664715" lat="30.3234845" lon="120.0525794"/>
 <node id="9441904874" visible="true" version="1" changeset="116493399" timestamp="2022-01-23T10:40:57Z" user="Dulvoyinn" uid="12664715" lat="30.3235494" lon="120.0526741"/>
 <node id="9441904875" visible="true" version="1" changeset="116493399" timestamp="2022-01-23T10:40:57Z" user="Dulvoyinn" uid="12664715" lat="30.3235910" lon="120.0527421"/>
 <node id="9441904876" visible="true" version="1" changeset="116493399" timestamp="2022-01-23T10:40:57Z" user="Dulvoyinn" uid="12664715" lat="30.3236265" lon="120.0527528"/>
 <node id="9441904877" visible="true" version="1" changeset="116493399" timestamp="2022-01-23T10:40:57Z" user="Dulvoyinn" uid="12664715" lat="30.3236759" lon="120.0527135"/>
 <node id="9441904878" visible="true" version="1" changeset="116493399" timestamp="2022-01-23T10:40:57Z" user="Dulvoyinn" uid="12664715" lat="30.3237161" lon="120.0526724"/>
 <node id="9441904879" visible="true" version="1" changeset="116493399" timestamp="2022-01-23T10:40:57Z" user="Dulvoyinn" uid="12664715" lat="30.3237577" lon="120.0526223"/>
 <node id="9441904880" visible="true" version="1" changeset="116493399" timestamp="2022-01-23T10:40:57Z" user="Dulvoyinn" uid="12664715" lat="30.3237639" lon="120.0525561"/>
 <node id="9441904881" visible="true" version="1" changeset="116493399" timestamp="2022-01-23T10:40:57Z" user="Dulvoyinn" uid="12664715" lat="30.3237778" lon="120.0524506"/>
 <node id="9441904882" visible="true" version="1" changeset="116493399" timestamp="2022-01-23T10:40:57Z" user="Dulvoyinn" uid="12664715" lat="30.3238118" lon="120.0524542"/>
 <node id="9441904883" visible="true" version="1" changeset="116493399" timestamp="2022-01-23T10:40:57Z" user="Dulvoyinn" uid="12664715" lat="30.3237886" lon="120.0526080"/>
 <node id="9441904884" visible="true" version="1" changeset="116493399" timestamp="2022-01-23T10:40:57Z" user="Dulvoyinn" uid="12664715" lat="30.3237886" lon="120.0527224"/>
 <node id="9441904885" visible="true" version="1" changeset="116493399" timestamp="2022-01-23T10:40:57Z" user="Dulvoyinn" uid="12664715" lat="30.3238056" lon="120.0527904"/>
 <node id="9441904886" visible="true" version="1" changeset="116493399" timestamp="2022-01-23T10:40:57Z" user="Dulvoyinn" uid="12664715" lat="30.3238642" lon="120.0528601"/>
 <node id="9441904887" visible="true" version="1" changeset="116493399" timestamp="2022-01-23T10:40:57Z" user="Dulvoyinn" uid="12664715" lat="30.3240989" lon="120.0530783"/>
 <node id="9441904888" visible="true" version="1" changeset="116493399" timestamp="2022-01-23T10:40:57Z" user="Dulvoyinn" uid="12664715" lat="30.3241745" lon="120.0531230"/>
 <node id="9441904889" visible="true" version="1" changeset="116493399" timestamp="2022-01-23T10:40:57Z" user="Dulvoyinn" uid="12664715" lat="30.3242532" lon="120.0531337"/>
 <node id="9441904890" visible="true" version="1" changeset="116493399" timestamp="2022-01-23T10:40:57Z" user="Dulvoyinn" uid="12664715" lat="30.3243952" lon="120.0531391"/>
 <node id="9441904891" visible="true" version="1" changeset="116493399" timestamp="2022-01-23T10:40:57Z" user="Dulvoyinn" uid="12664715" lat="30.3245187" lon="120.0531426"/>
 <node id="9441904892" visible="true" version="1" changeset="116493399" timestamp="2022-01-23T10:40:57Z" user="Dulvoyinn" uid="12664715" lat="30.3245125" lon="120.0534538"/>
 <node id="9441904893" visible="true" version="1" changeset="116493399" timestamp="2022-01-23T10:40:57Z" user="Dulvoyinn" uid="12664715" lat="30.3241405" lon="120.0534269"/>
 <node id="9441904894" visible="true" version="1" changeset="116493399" timestamp="2022-01-23T10:40:57Z" user="Dulvoyinn" uid="12664715" lat="30.3240942" lon="120.0534609"/>
 <node id="9441904895" visible="true" version="1" changeset="116493399" timestamp="2022-01-23T10:40:57Z" user="Dulvoyinn" uid="12664715" lat="30.3240248" lon="120.0535003"/>
 <node id="9441904896" visible="true" version="1" changeset="116493399" timestamp="2022-01-23T10:40:57Z" user="Dulvoyinn" uid="12664715" lat="30.3239846" lon="120.0534967"/>
 <node id="9441904897" visible="true" version="1" changeset="116493399" timestamp="2022-01-23T10:40:57Z" user="Dulvoyinn" uid="12664715" lat="30.3239846" lon="120.0535664"/>
 <node id="9441904898" visible="true" version="1" changeset="116493399" timestamp="2022-01-23T10:40:57Z" user="Dulvoyinn" uid="12664715" lat="30.3240093" lon="120.0536308"/>
 <node id="9441904899" visible="true" version="1" changeset="116493399" timestamp="2022-01-23T10:40:57Z" user="Dulvoyinn" uid="12664715" lat="30.3240402" lon="120.0537381"/>
 <node id="9441904900" visible="true" version="1" changeset="116493399" timestamp="2022-01-23T10:40:57Z" user="Dulvoyinn" uid="12664715" lat="30.3240556" lon="120.0538597"/>
 <node id="9441904901" visible="true" version="1" changeset="116493399" timestamp="2022-01-23T10:40:57Z" user="Dulvoyinn" uid="12664715" lat="30.3240958" lon="120.0540385"/>
 <node id="9441904902" visible="true" version="1" changeset="116493399" timestamp="2022-01-23T10:40:57Z" user="Dulvoyinn" uid="12664715" lat="30.3243134" lon="120.0551006"/>
 <node id="9441904903" visible="true" version="1" changeset="116493399" timestamp="2022-01-23T10:40:57Z" user="Dulvoyinn" uid="12664715" lat="30.3244446" lon="120.0558213"/>
 <node id="9441904904" visible="true" version="1" changeset="116493399" timestamp="2022-01-23T10:40:57Z" user="Dulvoyinn" uid="12664715" lat="30.3245079" lon="120.0561467"/>
 <node id="9441904905" visible="true" version="1" changeset="116493399" timestamp="2022-01-23T10:40:57Z" user="Dulvoyinn" uid="12664715" lat="30.3245387" lon="120.0562397"/>
 <node id="9441904906" visible="true" version="1" changeset="116493399" timestamp="2022-01-23T10:40:57Z" user="Dulvoyinn" uid="12664715" lat="30.3245881" lon="120.0563166"/>
 <node id="9441904907" visible="true" version="1" changeset="116493399" timestamp="2022-01-23T10:40:57Z" user="Dulvoyinn" uid="12664715" lat="30.3246159" lon="120.0563899"/>
 <node id="9441904908" visible="true" version="1" changeset="116493399" timestamp="2022-01-23T10:40:57Z" user="Dulvoyinn" uid="12664715" lat="30.3246622" lon="120.0565723"/>
 <node id="9441904909" visible="true" version="1" changeset="116493399" timestamp="2022-01-23T10:40:57Z" user="Dulvoyinn" uid="12664715" lat="30.3246761" lon="120.0566563"/>
 <node id="9441904910" visible="true" version="1" changeset="116493399" timestamp="2022-01-23T10:40:57Z" user="Dulvoyinn" uid="12664715" lat="30.3246684" lon="120.0567404"/>
 <node id="9441904911" visible="true" version="1" changeset="116493399" timestamp="2022-01-23T10:40:57Z" user="Dulvoyinn" uid="12664715" lat="30.3246591" lon="120.0568602"/>
 <node id="9441904912" visible="true" version="1" changeset="116493399" timestamp="2022-01-23T10:40:57Z" user="Dulvoyinn" uid="12664715" lat="30.3246684" lon="120.0569693"/>
 <node id="9441904913" visible="true" version="1" changeset="116493399" timestamp="2022-01-23T10:40:57Z" user="Dulvoyinn" uid="12664715" lat="30.3247348" lon="120.0571856"/>
 <node id="9441904914" visible="true" version="1" changeset="116493399" timestamp="2022-01-23T10:40:57Z" user="Dulvoyinn" uid="12664715" lat="30.3248582" lon="120.0576648"/>
 <node id="9441904915" visible="true" version="1" changeset="116493399" timestamp="2022-01-23T10:40:57Z" user="Dulvoyinn" uid="12664715" lat="30.3248814" lon="120.0578150"/>
 <node id="9441904916" visible="true" version="1" changeset="116493399" timestamp="2022-01-23T10:40:57Z" user="Dulvoyinn" uid="12664715" lat="30.3249416" lon="120.0580672"/>
 <node id="9441904917" visible="true" version="1" changeset="116493399" timestamp="2022-01-23T10:40:57Z" user="Dulvoyinn" uid="12664715" lat="30.3249678" lon="120.0581137"/>
 <node id="9441904918" visible="true" version="1" changeset="116493399" timestamp="2022-01-23T10:40:57Z" user="Dulvoyinn" uid="12664715" lat="30.3250435" lon="120.0584248"/>
 <node id="9441904919" visible="true" version="1" changeset="116493399" timestamp="2022-01-23T10:40:57Z" user="Dulvoyinn" uid="12664715" lat="30.3251901" lon="120.0589773"/>
 <node id="9441904920" visible="true" version="1" changeset="116493399" timestamp="2022-01-23T10:40:57Z" user="Dulvoyinn" uid="12664715" lat="30.3251947" lon="120.0590757"/>
 <node id="9441904921" visible="true" version="1" changeset="116493399" timestamp="2022-01-23T10:40:57Z" user="Dulvoyinn" uid="12664715" lat="30.3252071" lon="120.0591347"/>
 <node id="9441904922" visible="true" version="1" changeset="116493399" timestamp="2022-01-23T10:40:57Z" user="Dulvoyinn" uid="12664715" lat="30.3252262" lon="120.0591302"/>
 <node id="9441904923" visible="true" version="1" changeset="116493399" timestamp="2022-01-23T10:40:57Z" user="Dulvoyinn" uid="12664715" lat="30.3252471" lon="120.0592622"/>
 <node id="9441904924" visible="true" version="1" changeset="116493399" timestamp="2022-01-23T10:40:57Z" user="Dulvoyinn" uid="12664715" lat="30.3252520" lon="120.0594482"/>
 <node id="9441904925" visible="true" version="1" changeset="116493399" timestamp="2022-01-23T10:40:57Z" user="Dulvoyinn" uid="12664715" lat="30.3252654" lon="120.0597689"/>
 <node id="9441904926" visible="true" version="1" changeset="116493399" timestamp="2022-01-23T10:40:57Z" user="Dulvoyinn" uid="12664715" lat="30.3252875" lon="120.0602089"/>
 <node id="9441904927" visible="true" version="1" changeset="116493399" timestamp="2022-01-23T10:40:57Z" user="Dulvoyinn" uid="12664715" lat="30.3253034" lon="120.0604445"/>
 <node id="9441904928" visible="true" version="1" changeset="116493399" timestamp="2022-01-23T10:40:57Z" user="Dulvoyinn" uid="12664715" lat="30.3253279" lon="120.0606914"/>
 <node id="9441904929" visible="true" version="1" changeset="116493399" timestamp="2022-01-23T10:40:57Z" user="Dulvoyinn" uid="12664715" lat="30.3253843" lon="120.0609398"/>
 <node id="9441904930" visible="true" version="1" changeset="116493399" timestamp="2022-01-23T10:40:57Z" user="Dulvoyinn" uid="12664715" lat="30.3255337" lon="120.0616636"/>
 <node id="9441904931" visible="true" version="1" changeset="116493399" timestamp="2022-01-23T10:40:57Z" user="Dulvoyinn" uid="12664715" lat="30.3256011" lon="120.0619957"/>
 <node id="9441904932" visible="true" version="1" changeset="116493399" timestamp="2022-01-23T10:40:57Z" user="Dulvoyinn" uid="12664715" lat="30.3256575" lon="120.0621972"/>
 <node id="9441904933" visible="true" version="1" changeset="116493399" timestamp="2022-01-23T10:40:57Z" user="Dulvoyinn" uid="12664715" lat="30.3256881" lon="120.0624016"/>
 <node id="9441904934" visible="true" version="1" changeset="116493399" timestamp="2022-01-23T10:40:57Z" user="Dulvoyinn" uid="12664715" lat="30.3257812" lon="120.0627437"/>
 <node id="9441904935" visible="true" version="1" changeset="116493399" timestamp="2022-01-23T10:40:57Z" user="Dulvoyinn" uid="12664715" lat="30.3258265" lon="120.0628018"/>
 <node id="9441904936" visible="true" version="1" changeset="116493399" timestamp="2022-01-23T10:40:57Z" user="Dulvoyinn" uid="12664715" lat="30.3258620" lon="120.0628359"/>
 <node id="9441904937" visible="true" version="1" changeset="116493399" timestamp="2022-01-23T10:40:57Z" user="Dulvoyinn" uid="12664715" lat="30.3259172" lon="120.0628430"/>
 <node id="9441904938" visible="true" version="1" changeset="116493399" timestamp="2022-01-23T10:40:57Z" user="Dulvoyinn" uid="12664715" lat="30.3259368" lon="120.0628047"/>
 <node id="9441904939" visible="true" version="1" changeset="116493399" timestamp="2022-01-23T10:40:57Z" user="Dulvoyinn" uid="12664715" lat="30.3260262" lon="120.0627224"/>
 <node id="9441904940" visible="true" version="1" changeset="116493399" timestamp="2022-01-23T10:40:57Z" user="Dulvoyinn" uid="12664715" lat="30.3261438" lon="120.0626557"/>
 <node id="9441904941" visible="true" version="1" changeset="116493399" timestamp="2022-01-23T10:40:57Z" user="Dulvoyinn" uid="12664715" lat="30.3262357" lon="120.0625535"/>
 <node id="9441904942" visible="true" version="1" changeset="116493399" timestamp="2022-01-23T10:40:57Z" user="Dulvoyinn" uid="12664715" lat="30.3263741" lon="120.0623590"/>
 <node id="9441904943" visible="true" version="1" changeset="116493399" timestamp="2022-01-23T10:40:57Z" user="Dulvoyinn" uid="12664715" lat="30.3264341" lon="120.0622285"/>
 <node id="9441904944" visible="true" version="1" changeset="116493399" timestamp="2022-01-23T10:40:57Z" user="Dulvoyinn" uid="12664715" lat="30.3266853" lon="120.0618765"/>
 <node id="9441904945" visible="true" version="1" changeset="116493399" timestamp="2022-01-23T10:40:57Z" user="Dulvoyinn" uid="12664715" lat="30.3268065" lon="120.0617261"/>
 <node id="9441904946" visible="true" version="1" changeset="116493399" timestamp="2022-01-23T10:40:57Z" user="Dulvoyinn" uid="12664715" lat="30.3268555" lon="120.0616821"/>
 <node id="9441904947" visible="true" version="1" changeset="116493399" timestamp="2022-01-23T10:40:57Z" user="Dulvoyinn" uid="12664715" lat="30.3269058" lon="120.0615997"/>
 <node id="9441904948" visible="true" version="1" changeset="116493399" timestamp="2022-01-23T10:40:57Z" user="Dulvoyinn" uid="12664715" lat="30.3270393" lon="120.0613939"/>
 <node id="9441904949" visible="true" version="1" changeset="116493399" timestamp="2022-01-23T10:40:57Z" user="Dulvoyinn" uid="12664715" lat="30.3271336" lon="120.0613201"/>
 <node id="9441904950" visible="true" version="1" changeset="116493399" timestamp="2022-01-23T10:40:57Z" user="Dulvoyinn" uid="12664715" lat="30.3272182" lon="120.0612378"/>
 <node id="9441904951" visible="true" version="1" changeset="116493399" timestamp="2022-01-23T10:40:57Z" user="Dulvoyinn" uid="12664715" lat="30.3273419" lon="120.0611002"/>
 <node id="9441904952" visible="true" version="1" changeset="116493399" timestamp="2022-01-23T10:40:57Z" user="Dulvoyinn" uid="12664715" lat="30.3237857" lon="120.0523947"/>
 <node id="9441904953" visible="true" version="1" changeset="116493399" timestamp="2022-01-23T10:40:57Z" user="Dulvoyinn" uid="12664715" lat="30.3237925" lon="120.0523021"/>
 <node id="9441904954" visible="true" version="1" changeset="116493399" timestamp="2022-01-23T10:40:57Z" user="Dulvoyinn" uid="12664715" lat="30.3237876" lon="120.0522230"/>
 <node id="9441904955" visible="true" version="1" changeset="116493399" timestamp="2022-01-23T10:40:57Z" user="Dulvoyinn" uid="12664715" lat="30.3237735" lon="120.0521382"/>
 <node id="9441904956" visible="true" version="1" changeset="116493399" timestamp="2022-01-23T10:40:57Z" user="Dulvoyinn" uid="12664715" lat="30.3237489" lon="120.0519556"/>
 <node id="9441904957" visible="true" version="1" changeset="116493399" timestamp="2022-01-23T10:40:57Z" user="Dulvoyinn" uid="12664715" lat="30.3237384" lon="120.0517453"/>
 <node id="9441904958" visible="true" version="1" changeset="116493399" timestamp="2022-01-23T10:40:57Z" user="Dulvoyinn" uid="12664715" lat="30.3237236" lon="120.0514886"/>
 <node id="9441904959" visible="true" version="1" changeset="116493399" timestamp="2022-01-23T10:40:57Z" user="Dulvoyinn" uid="12664715" lat="30.3237053" lon="120.0513867"/>
 <node id="9441904960" visible="true" version="1" changeset="116493399" timestamp="2022-01-23T10:40:57Z" user="Dulvoyinn" uid="12664715" lat="30.3236680" lon="120.0512856"/>
 <node id="9441904961" visible="true" version="1" changeset="116493399" timestamp="2022-01-23T10:40:57Z" user="Dulvoyinn" uid="12664715" lat="30.3236230" lon="120.0511772"/>
 <node id="9441904962" visible="true" version="1" changeset="116493399" timestamp="2022-01-23T10:40:57Z" user="Dulvoyinn" uid="12664715" lat="30.3235800" lon="120.0510712"/>
 <node id="9441904963" visible="true" version="1" changeset="116493399" timestamp="2022-01-23T10:40:57Z" user="Dulvoyinn" uid="12664715" lat="30.3235526" lon="120.0509571"/>
 <node id="9441904964" visible="true" version="1" changeset="116493399" timestamp="2022-01-23T10:40:57Z" user="Dulvoyinn" uid="12664715" lat="30.3235266" lon="120.0508022"/>
 <node id="9441904965" visible="true" version="1" changeset="116493399" timestamp="2022-01-23T10:40:57Z" user="Dulvoyinn" uid="12664715" lat="30.3235230" lon="120.0506367"/>
 <node id="9441904966" visible="true" version="1" changeset="116493399" timestamp="2022-01-23T10:40:57Z" user="Dulvoyinn" uid="12664715" lat="30.3235195" lon="120.0504957"/>
 <node id="9441904967" visible="true" version="1" changeset="116493399" timestamp="2022-01-23T10:40:57Z" user="Dulvoyinn" uid="12664715" lat="30.3235209" lon="120.0503400"/>
 <node id="9441904968" visible="true" version="1" changeset="116493399" timestamp="2022-01-23T10:40:57Z" user="Dulvoyinn" uid="12664715" lat="30.3235434" lon="120.0501517"/>
 <node id="9441904969" visible="true" version="1" changeset="116493399" timestamp="2022-01-23T10:40:57Z" user="Dulvoyinn" uid="12664715" lat="30.3236342" lon="120.0501534"/>
 <node id="9441904970" visible="true" version="1" changeset="116493399" timestamp="2022-01-23T10:40:57Z" user="Dulvoyinn" uid="12664715" lat="30.3236089" lon="120.0503686"/>
 <node id="9441904971" visible="true" version="1" changeset="116493399" timestamp="2022-01-23T10:40:57Z" user="Dulvoyinn" uid="12664715" lat="30.3236061" lon="120.0506074"/>
 <node id="9441904972" visible="true" version="1" changeset="116493399" timestamp="2022-01-23T10:40:57Z" user="Dulvoyinn" uid="12664715" lat="30.3236096" lon="120.0508063"/>
 <node id="9441904973" visible="true" version="1" changeset="116493399" timestamp="2022-01-23T10:40:57Z" user="Dulvoyinn" uid="12664715" lat="30.3236279" lon="120.0509286"/>
 <node id="9441904974" visible="true" version="1" changeset="116493399" timestamp="2022-01-23T10:40:57Z" user="Dulvoyinn" uid="12664715" lat="30.3237088" lon="120.0512090"/>
 <node id="9441904975" visible="true" version="1" changeset="116493399" timestamp="2022-01-23T10:40:57Z" user="Dulvoyinn" uid="12664715" lat="30.3237545" lon="120.0512946"/>
 <node id="9441904976" visible="true" version="1" changeset="116493399" timestamp="2022-01-23T10:40:57Z" user="Dulvoyinn" uid="12664715" lat="30.3237749" lon="120.0513459"/>
 <node id="9441904977" visible="true" version="1" changeset="116493399" timestamp="2022-01-23T10:40:57Z" user="Dulvoyinn" uid="12664715" lat="30.3237982" lon="120.0514356"/>
 <node id="9441904978" visible="true" version="1" changeset="116493399" timestamp="2022-01-23T10:40:57Z" user="Dulvoyinn" uid="12664715" lat="30.3237932" lon="120.0515660"/>
 <node id="9441904979" visible="true" version="1" changeset="116493399" timestamp="2022-01-23T10:40:57Z" user="Dulvoyinn" uid="12664715" lat="30.3237742" lon="120.0517853"/>
 <node id="9441904980" visible="true" version="1" changeset="116493399" timestamp="2022-01-23T10:40:57Z" user="Dulvoyinn" uid="12664715" lat="30.3237707" lon="120.0519157"/>
 <node id="9441904981" visible="true" version="1" changeset="116493399" timestamp="2022-01-23T10:40:57Z" user="Dulvoyinn" uid="12664715" lat="30.3237862" lon="120.0519654"/>
 <node id="9441904982" visible="true" version="1" changeset="116493399" timestamp="2022-01-23T10:40:57Z" user="Dulvoyinn" uid="12664715" lat="30.3238052" lon="120.0521309"/>
 <node id="9441904983" visible="true" version="1" changeset="116493399" timestamp="2022-01-23T10:40:57Z" user="Dulvoyinn" uid="12664715" lat="30.3238235" lon="120.0522491"/>
 <node id="9441904984" visible="true" version="1" changeset="116493399" timestamp="2022-01-23T10:40:57Z" user="Dulvoyinn" uid="12664715" lat="30.3238193" lon="120.0523983"/>
 <node id="9441926997" visible="true" version="1" changeset="116494146" timestamp="2022-01-23T11:02:00Z" user="Dulvoyinn" uid="12664715" lat="30.3289754" lon="120.0599447"/>
 <node id="9441926998" visible="true" version="1" changeset="116494146" timestamp="2022-01-23T11:02:00Z" user="Dulvoyinn" uid="12664715" lat="30.3292509" lon="120.0601713"/>
 <node id="9441965103" visible="true" version="1" changeset="116496402" timestamp="2022-01-23T12:06:48Z" user="Dulvoyinn" uid="12664715" lat="30.3278470" lon="120.0606622"/>
 <node id="9441965104" visible="true" version="1" changeset="116496402" timestamp="2022-01-23T12:06:48Z" user="Dulvoyinn" uid="12664715" lat="30.3279728" lon="120.0605266"/>
 <node id="9441965105" visible="true" version="1" changeset="116496402" timestamp="2022-01-23T12:06:48Z" user="Dulvoyinn" uid="12664715" lat="30.3281005" lon="120.0603479"/>
 <node id="9441965106" visible="true" version="1" changeset="116496402" timestamp="2022-01-23T12:06:48Z" user="Dulvoyinn" uid="12664715" lat="30.3281891" lon="120.0602637"/>
 <node id="9441965107" visible="true" version="1" changeset="116496402" timestamp="2022-01-23T12:06:48Z" user="Dulvoyinn" uid="12664715" lat="30.3283186" lon="120.0601980"/>
 <node id="9441965108" visible="true" version="1" changeset="116496402" timestamp="2022-01-23T12:06:48Z" user="Dulvoyinn" uid="12664715" lat="30.3285118" lon="120.0601364"/>
 <node id="9441965109" visible="true" version="1" changeset="116496402" timestamp="2022-01-23T12:06:48Z" user="Dulvoyinn" uid="12664715" lat="30.3286412" lon="120.0601590"/>
 <node id="9441965110" visible="true" version="1" changeset="116496402" timestamp="2022-01-23T12:06:48Z" user="Dulvoyinn" uid="12664715" lat="30.3286271" lon="120.0603315"/>
 <node id="9441965111" visible="true" version="1" changeset="116496402" timestamp="2022-01-23T12:06:48Z" user="Dulvoyinn" uid="12664715" lat="30.3286643" lon="120.0607772"/>
 <node id="9441965112" visible="true" version="1" changeset="116496402" timestamp="2022-01-23T12:06:48Z" user="Dulvoyinn" uid="12664715" lat="30.3288735" lon="120.0610895"/>
 <node id="9441965113" visible="true" version="1" changeset="116496402" timestamp="2022-01-23T12:06:48Z" user="Dulvoyinn" uid="12664715" lat="30.3290100" lon="120.0612353"/>
 <node id="9441965114" visible="true" version="1" changeset="116496402" timestamp="2022-01-23T12:06:48Z" user="Dulvoyinn" uid="12664715" lat="30.3290685" lon="120.0613483"/>
 <node id="9441965115" visible="true" version="1" changeset="116496402" timestamp="2022-01-23T12:06:48Z" user="Dulvoyinn" uid="12664715" lat="30.3290862" lon="120.0614859"/>
 <node id="9441965116" visible="true" version="1" changeset="116496402" timestamp="2022-01-23T12:06:48Z" user="Dulvoyinn" uid="12664715" lat="30.3290650" lon="120.0616810"/>
 <node id="9442049617" visible="true" version="1" changeset="116496402" timestamp="2022-01-23T12:06:48Z" user="Dulvoyinn" uid="12664715" lat="30.3290402" lon="120.0617878"/>
 <node id="9442049618" visible="true" version="1" changeset="116496402" timestamp="2022-01-23T12:06:48Z" user="Dulvoyinn" uid="12664715" lat="30.3290543" lon="120.0619337"/>
 <node id="9442049619" visible="true" version="1" changeset="116496402" timestamp="2022-01-23T12:06:48Z" user="Dulvoyinn" uid="12664715" lat="30.3291199" lon="120.0620240"/>
 <node id="9442049620" visible="true" version="1" changeset="116496402" timestamp="2022-01-23T12:06:48Z" user="Dulvoyinn" uid="12664715" lat="30.3291357" lon="120.0626501"/>
 <node id="9442049621" visible="true" version="1" changeset="116496402" timestamp="2022-01-23T12:06:48Z" user="Dulvoyinn" uid="12664715" lat="30.3289237" lon="120.0634199"/>
 <node id="9442049622" visible="true" version="1" changeset="116496402" timestamp="2022-01-23T12:06:48Z" user="Dulvoyinn" uid="12664715" lat="30.3287584" lon="120.0638889"/>
 <node id="9442049623" visible="true" version="1" changeset="116496402" timestamp="2022-01-23T12:06:48Z" user="Dulvoyinn" uid="12664715" lat="30.3285950" lon="120.0644955"/>
 <node id="9442049624" visible="true" version="1" changeset="116496402" timestamp="2022-01-23T12:06:48Z" user="Dulvoyinn" uid="12664715" lat="30.3284353" lon="120.0650161"/>
 <node id="9442049625" visible="true" version="1" changeset="116496402" timestamp="2022-01-23T12:06:48Z" user="Dulvoyinn" uid="12664715" lat="30.3283443" lon="120.0652463"/>
 <node id="9442049626" visible="true" version="1" changeset="116496402" timestamp="2022-01-23T12:06:48Z" user="Dulvoyinn" uid="12664715" lat="30.3282422" lon="120.0655044"/>
 <node id="9442049627" visible="true" version="1" changeset="116496402" timestamp="2022-01-23T12:06:48Z" user="Dulvoyinn" uid="12664715" lat="30.3281160" lon="120.0655948"/>
 <node id="9442049628" visible="true" version="1" changeset="116496402" timestamp="2022-01-23T12:06:48Z" user="Dulvoyinn" uid="12664715" lat="30.3280138" lon="120.0657410"/>
 <node id="9442049629" visible="true" version="1" changeset="116496402" timestamp="2022-01-23T12:06:48Z" user="Dulvoyinn" uid="12664715" lat="30.3279358" lon="120.0658873"/>
 <node id="9442049630" visible="true" version="1" changeset="116496402" timestamp="2022-01-23T12:06:48Z" user="Dulvoyinn" uid="12664715" lat="30.3274029" lon="120.0666123"/>
 <node id="9442049631" visible="true" version="1" changeset="116496402" timestamp="2022-01-23T12:06:48Z" user="Dulvoyinn" uid="12664715" lat="30.3272860" lon="120.0667672"/>
 <node id="9442049632" visible="true" version="1" changeset="116496402" timestamp="2022-01-23T12:06:48Z" user="Dulvoyinn" uid="12664715" lat="30.3271021" lon="120.0669177"/>
 <node id="9442049633" visible="true" version="1" changeset="116496402" timestamp="2022-01-23T12:06:48Z" user="Dulvoyinn" uid="12664715" lat="30.3269722" lon="120.0672598"/>
 <node id="9442049634" visible="true" version="1" changeset="116496402" timestamp="2022-01-23T12:06:48Z" user="Dulvoyinn" uid="12664715" lat="30.3269053" lon="120.0673781"/>
 <node id="9442049635" visible="true" version="1" changeset="116496402" timestamp="2022-01-23T12:06:48Z" user="Dulvoyinn" uid="12664715" lat="30.3267809" lon="120.0674835"/>
 <node id="9442049636" visible="true" version="1" changeset="116496402" timestamp="2022-01-23T12:06:48Z" user="Dulvoyinn" uid="12664715" lat="30.3266936" lon="120.0676040"/>
 <node id="9442049637" visible="true" version="1" changeset="116496402" timestamp="2022-01-23T12:06:48Z" user="Dulvoyinn" uid="12664715" lat="30.3266547" lon="120.0677696"/>
 <node id="9442049638" visible="true" version="1" changeset="116496402" timestamp="2022-01-23T12:06:48Z" user="Dulvoyinn" uid="12664715" lat="30.3265860" lon="120.0679697"/>
 <node id="9442049639" visible="true" version="1" changeset="116496402" timestamp="2022-01-23T12:06:48Z" user="Dulvoyinn" uid="12664715" lat="30.3264764" lon="120.0681525"/>
 <node id="9442049640" visible="true" version="1" changeset="116496402" timestamp="2022-01-23T12:06:48Z" user="Dulvoyinn" uid="12664715" lat="30.3265098" lon="120.0684408"/>
 <node id="9442049641" visible="true" version="1" changeset="116496402" timestamp="2022-01-23T12:06:48Z" user="Dulvoyinn" uid="12664715" lat="30.3265507" lon="120.0683547"/>
 <node id="9442049642" visible="true" version="1" changeset="116496402" timestamp="2022-01-23T12:06:48Z" user="Dulvoyinn" uid="12664715" lat="30.3266101" lon="120.0682493"/>
 <node id="9442049643" visible="true" version="1" changeset="116496402" timestamp="2022-01-23T12:06:48Z" user="Dulvoyinn" uid="12664715" lat="30.3267159" lon="120.0681202"/>
 <node id="9442049644" visible="true" version="1" changeset="116496402" timestamp="2022-01-23T12:06:48Z" user="Dulvoyinn" uid="12664715" lat="30.3267735" lon="120.0680493"/>
 <node id="9442049645" visible="true" version="1" changeset="116496402" timestamp="2022-01-23T12:06:48Z" user="Dulvoyinn" uid="12664715" lat="30.3269276" lon="120.0678083"/>
 <node id="9442049646" visible="true" version="1" changeset="116496402" timestamp="2022-01-23T12:06:48Z" user="Dulvoyinn" uid="12664715" lat="30.3269926" lon="120.0676556"/>
 <node id="9442049647" visible="true" version="1" changeset="116496402" timestamp="2022-01-23T12:06:48Z" user="Dulvoyinn" uid="12664715" lat="30.3270706" lon="120.0675760"/>
 <node id="9442049648" visible="true" version="1" changeset="116496402" timestamp="2022-01-23T12:06:48Z" user="Dulvoyinn" uid="12664715" lat="30.3271003" lon="120.0676040"/>
 <node id="9442049649" visible="true" version="1" changeset="116496402" timestamp="2022-01-23T12:06:48Z" user="Dulvoyinn" uid="12664715" lat="30.3271486" lon="120.0675351"/>
 <node id="9442049650" visible="true" version="1" changeset="116496402" timestamp="2022-01-23T12:06:48Z" user="Dulvoyinn" uid="12664715" lat="30.3272637" lon="120.0674168"/>
 <node id="9442049651" visible="true" version="1" changeset="116496402" timestamp="2022-01-23T12:06:48Z" user="Dulvoyinn" uid="12664715" lat="30.3274215" lon="120.0672576"/>
 <node id="9442049652" visible="true" version="1" changeset="116496402" timestamp="2022-01-23T12:06:48Z" user="Dulvoyinn" uid="12664715" lat="30.3274921" lon="120.0671823"/>
 <node id="9442049653" visible="true" version="1" changeset="116496402" timestamp="2022-01-23T12:06:48Z" user="Dulvoyinn" uid="12664715" lat="30.3275385" lon="120.0670877"/>
 <node id="9442049654" visible="true" version="1" changeset="116496402" timestamp="2022-01-23T12:06:48Z" user="Dulvoyinn" uid="12664715" lat="30.3276425" lon="120.0667715"/>
 <node id="9442049655" visible="true" version="1" changeset="116496402" timestamp="2022-01-23T12:06:48Z" user="Dulvoyinn" uid="12664715" lat="30.3276759" lon="120.0666596"/>
 <node id="9442049656" visible="true" version="1" changeset="116496402" timestamp="2022-01-23T12:06:48Z" user="Dulvoyinn" uid="12664715" lat="30.3277242" lon="120.0665843"/>
 <node id="9442049657" visible="true" version="1" changeset="116496402" timestamp="2022-01-23T12:06:48Z" user="Dulvoyinn" uid="12664715" lat="30.3277966" lon="120.0665434"/>
 <node id="9442049658" visible="true" version="1" changeset="116496402" timestamp="2022-01-23T12:06:48Z" user="Dulvoyinn" uid="12664715" lat="30.3278597" lon="120.0665004"/>
 <node id="9442049659" visible="true" version="1" changeset="116496402" timestamp="2022-01-23T12:06:48Z" user="Dulvoyinn" uid="12664715" lat="30.3279173" lon="120.0664079"/>
 <node id="9442049660" visible="true" version="1" changeset="116496402" timestamp="2022-01-23T12:06:48Z" user="Dulvoyinn" uid="12664715" lat="30.3279581" lon="120.0663240"/>
 <node id="9442049661" visible="true" version="1" changeset="116496402" timestamp="2022-01-23T12:06:48Z" user="Dulvoyinn" uid="12664715" lat="30.3280955" lon="120.0661369"/>
 <node id="9442049662" visible="true" version="1" changeset="116496402" timestamp="2022-01-23T12:06:48Z" user="Dulvoyinn" uid="12664715" lat="30.3281475" lon="120.0660487"/>
 <node id="9442049663" visible="true" version="1" changeset="116496402" timestamp="2022-01-23T12:06:48Z" user="Dulvoyinn" uid="12664715" lat="30.3282107" lon="120.0659841"/>
 <node id="9442049664" visible="true" version="1" changeset="116496402" timestamp="2022-01-23T12:06:48Z" user="Dulvoyinn" uid="12664715" lat="30.3282756" lon="120.0658701"/>
 <node id="9442049665" visible="true" version="1" changeset="116496402" timestamp="2022-01-23T12:06:48Z" user="Dulvoyinn" uid="12664715" lat="30.3283221" lon="120.0658249"/>
 <node id="9442049666" visible="true" version="1" changeset="116496402" timestamp="2022-01-23T12:06:48Z" user="Dulvoyinn" uid="12664715" lat="30.3283740" lon="120.0657324"/>
 <node id="9442049667" visible="true" version="1" changeset="116496402" timestamp="2022-01-23T12:06:48Z" user="Dulvoyinn" uid="12664715" lat="30.3284910" lon="120.0654980"/>
 <node id="9442049668" visible="true" version="1" changeset="116496402" timestamp="2022-01-23T12:06:48Z" user="Dulvoyinn" uid="12664715" lat="30.3287120" lon="120.0649795"/>
 <node id="9442049669" visible="true" version="1" changeset="116496402" timestamp="2022-01-23T12:06:48Z" user="Dulvoyinn" uid="12664715" lat="30.3287027" lon="120.0649085"/>
 <node id="9442049670" visible="true" version="1" changeset="116496402" timestamp="2022-01-23T12:06:48Z" user="Dulvoyinn" uid="12664715" lat="30.3287138" lon="120.0648548"/>
 <node id="9442049671" visible="true" version="1" changeset="116496402" timestamp="2022-01-23T12:06:48Z" user="Dulvoyinn" uid="12664715" lat="30.3287658" lon="120.0647859"/>
 <node id="9442049672" visible="true" version="1" changeset="116496402" timestamp="2022-01-23T12:06:48Z" user="Dulvoyinn" uid="12664715" lat="30.3288290" lon="120.0646138"/>
 <node id="9442049673" visible="true" version="1" changeset="116496402" timestamp="2022-01-23T12:06:48Z" user="Dulvoyinn" uid="12664715" lat="30.3288772" lon="120.0644374"/>
 <node id="9442049674" visible="true" version="1" changeset="116496402" timestamp="2022-01-23T12:06:48Z" user="Dulvoyinn" uid="12664715" lat="30.3288754" lon="120.0643664"/>
 <node id="9442049675" visible="true" version="1" changeset="116496402" timestamp="2022-01-23T12:06:48Z" user="Dulvoyinn" uid="12664715" lat="30.3289422" lon="120.0641277"/>
 <node id="9442049676" visible="true" version="1" changeset="116496402" timestamp="2022-01-23T12:06:48Z" user="Dulvoyinn" uid="12664715" lat="30.3290481" lon="120.0638695"/>
 <node id="9442049677" visible="true" version="1" changeset="116496402" timestamp="2022-01-23T12:06:48Z" user="Dulvoyinn" uid="12664715" lat="30.3291112" lon="120.0637663"/>
 <node id="9442049678" visible="true" version="1" changeset="116496402" timestamp="2022-01-23T12:06:48Z" user="Dulvoyinn" uid="12664715" lat="30.3292096" lon="120.0636931"/>
 <node id="9442049679" visible="true" version="1" changeset="116496402" timestamp="2022-01-23T12:06:48Z" user="Dulvoyinn" uid="12664715" lat="30.3293340" lon="120.0636931"/>
 <node id="9442049680" visible="true" version="1" changeset="116496402" timestamp="2022-01-23T12:06:48Z" user="Dulvoyinn" uid="12664715" lat="30.3294380" lon="120.0637598"/>
 <node id="9442049681" visible="true" version="1" changeset="116496402" timestamp="2022-01-23T12:06:48Z" user="Dulvoyinn" uid="12664715" lat="30.3295197" lon="120.0638760"/>
 <node id="9442049682" visible="true" version="1" changeset="116496402" timestamp="2022-01-23T12:06:48Z" user="Dulvoyinn" uid="12664715" lat="30.3295475" lon="120.0639749"/>
 <node id="9442049683" visible="true" version="1" changeset="116496402" timestamp="2022-01-23T12:06:48Z" user="Dulvoyinn" uid="12664715" lat="30.3297833" lon="120.0641814"/>
 <node id="9442049684" visible="true" version="1" changeset="116496402" timestamp="2022-01-23T12:06:48Z" user="Dulvoyinn" uid="12664715" lat="30.3300470" lon="120.0644891"/>
 <node id="9442049685" visible="true" version="1" changeset="116496402" timestamp="2022-01-23T12:06:48Z" user="Dulvoyinn" uid="12664715" lat="30.3301008" lon="120.0645192"/>
 <node id="9442049686" visible="true" version="1" changeset="116496402" timestamp="2022-01-23T12:06:48Z" user="Dulvoyinn" uid="12664715" lat="30.3301380" lon="120.0645923"/>
 <node id="9442049687" visible="true" version="1" changeset="116496402" timestamp="2022-01-23T12:06:48Z" user="Dulvoyinn" uid="12664715" lat="30.3304629" lon="120.0649473"/>
 <node id="9442049688" visible="true" version="1" changeset="116496402" timestamp="2022-01-23T12:06:48Z" user="Dulvoyinn" uid="12664715" lat="30.3305706" lon="120.0651129"/>
 <node id="9442049689" visible="true" version="1" changeset="116496402" timestamp="2022-01-23T12:06:48Z" user="Dulvoyinn" uid="12664715" lat="30.3306950" lon="120.0653345"/>
 <node id="9442049690" visible="true" version="1" changeset="116496402" timestamp="2022-01-23T12:06:48Z" user="Dulvoyinn" uid="12664715" lat="30.3308342" lon="120.0655066"/>
 <node id="9442049691" visible="true" version="1" changeset="116496402" timestamp="2022-01-23T12:06:48Z" user="Dulvoyinn" uid="12664715" lat="30.3309215" lon="120.0655625"/>
 <node id="9442049692" visible="true" version="1" changeset="116496402" timestamp="2022-01-23T12:06:48Z" user="Dulvoyinn" uid="12664715" lat="30.3309624" lon="120.0656098"/>
 <node id="9442049693" visible="true" version="1" changeset="116496402" timestamp="2022-01-23T12:06:48Z" user="Dulvoyinn" uid="12664715" lat="30.3309828" lon="120.0656894"/>
 <node id="9442049694" visible="true" version="1" changeset="116496402" timestamp="2022-01-23T12:06:48Z" user="Dulvoyinn" uid="12664715" lat="30.3310403" lon="120.0657518"/>
 <node id="9442049695" visible="true" version="1" changeset="116496402" timestamp="2022-01-23T12:06:48Z" user="Dulvoyinn" uid="12664715" lat="30.3310701" lon="120.0658271"/>
 <node id="9442049696" visible="true" version="1" changeset="116496402" timestamp="2022-01-23T12:06:48Z" user="Dulvoyinn" uid="12664715" lat="30.3311555" lon="120.0659282"/>
 <node id="9442049697" visible="true" version="1" changeset="116496402" timestamp="2022-01-23T12:06:48Z" user="Dulvoyinn" uid="12664715" lat="30.3315899" lon="120.0664531"/>
 <node id="9442049698" visible="true" version="1" changeset="116496402" timestamp="2022-01-23T12:06:48Z" user="Dulvoyinn" uid="12664715" lat="30.3317663" lon="120.0667155"/>
 <node id="9442049699" visible="true" version="1" changeset="116496402" timestamp="2022-01-23T12:06:48Z" user="Dulvoyinn" uid="12664715" lat="30.3318629" lon="120.0668984"/>
 <node id="9442049700" visible="true" version="1" changeset="116496402" timestamp="2022-01-23T12:06:48Z" user="Dulvoyinn" uid="12664715" lat="30.3319594" lon="120.0671673"/>
 <node id="9442049701" visible="true" version="1" changeset="116496402" timestamp="2022-01-23T12:06:48Z" user="Dulvoyinn" uid="12664715" lat="30.3320263" lon="120.0673931"/>
 <node id="9442049702" visible="true" version="1" changeset="116496402" timestamp="2022-01-23T12:06:48Z" user="Dulvoyinn" uid="12664715" lat="30.3323171" lon="120.0682295"/>
 <node id="9442049705" visible="true" version="1" changeset="116496402" timestamp="2022-01-23T12:06:48Z" user="Dulvoyinn" uid="12664715" lat="30.3323927" lon="120.0684154"/>
 <node id="9442049706" visible="true" version="1" changeset="116496402" timestamp="2022-01-23T12:06:48Z" user="Dulvoyinn" uid="12664715" lat="30.3324965" lon="120.0688307"/>
 <node id="9442049707" visible="true" version="1" changeset="116496402" timestamp="2022-01-23T12:06:48Z" user="Dulvoyinn" uid="12664715" lat="30.3325770" lon="120.0691976"/>
 <node id="9442049708" visible="true" version="1" changeset="116496402" timestamp="2022-01-23T12:06:48Z" user="Dulvoyinn" uid="12664715" lat="30.3325586" lon="120.0692507"/>
 <node id="9442049709" visible="true" version="1" changeset="116496402" timestamp="2022-01-23T12:06:48Z" user="Dulvoyinn" uid="12664715" lat="30.3325261" lon="120.0692530"/>
 <node id="9442049710" visible="true" version="1" changeset="116496402" timestamp="2022-01-23T12:06:48Z" user="Dulvoyinn" uid="12664715" lat="30.3325444" lon="120.0693155"/>
 <node id="9442049711" visible="true" version="1" changeset="116496402" timestamp="2022-01-23T12:06:48Z" user="Dulvoyinn" uid="12664715" lat="30.3325627" lon="120.0692931"/>
 <node id="9442049712" visible="true" version="1" changeset="116496402" timestamp="2022-01-23T12:06:48Z" user="Dulvoyinn" uid="12664715" lat="30.3325882" lon="120.0692896"/>
 <node id="9442049713" visible="true" version="1" changeset="116496402" timestamp="2022-01-23T12:06:48Z" user="Dulvoyinn" uid="12664715" lat="30.3326411" lon="120.0693415"/>
 <node id="9442049714" visible="true" version="1" changeset="116496402" timestamp="2022-01-23T12:06:48Z" user="Dulvoyinn" uid="12664715" lat="30.3326788" lon="120.0693970"/>
 <node id="9442049715" visible="true" version="1" changeset="116496402" timestamp="2022-01-23T12:06:48Z" user="Dulvoyinn" uid="12664715" lat="30.3326992" lon="120.0695043"/>
 <node id="9442049716" visible="true" version="1" changeset="116496402" timestamp="2022-01-23T12:06:48Z" user="Dulvoyinn" uid="12664715" lat="30.3327205" lon="120.0695727"/>
 <node id="9442049717" visible="true" version="1" changeset="116496402" timestamp="2022-01-23T12:06:48Z" user="Dulvoyinn" uid="12664715" lat="30.3327541" lon="120.0697096"/>
 <node id="9442049718" visible="true" version="1" changeset="116496402" timestamp="2022-01-23T12:06:48Z" user="Dulvoyinn" uid="12664715" lat="30.3327725" lon="120.0698889"/>
 <node id="9442049719" visible="true" version="1" changeset="116496402" timestamp="2022-01-23T12:06:48Z" user="Dulvoyinn" uid="12664715" lat="30.3327460" lon="120.0699219"/>
 <node id="9442049720" visible="true" version="1" changeset="116496402" timestamp="2022-01-23T12:06:48Z" user="Dulvoyinn" uid="12664715" lat="30.3327358" lon="120.0700140"/>
 <node id="9442049721" visible="true" version="1" changeset="116496402" timestamp="2022-01-23T12:06:48Z" user="Dulvoyinn" uid="12664715" lat="30.3327002" lon="120.0703573"/>
 <node id="9442049722" visible="true" version="1" changeset="116496402" timestamp="2022-01-23T12:06:48Z" user="Dulvoyinn" uid="12664715" lat="30.3326686" lon="120.0705059"/>
 <node id="9442049723" visible="true" version="1" changeset="116496402" timestamp="2022-01-23T12:06:48Z" user="Dulvoyinn" uid="12664715" lat="30.3326096" lon="120.0706286"/>
 <node id="9442049724" visible="true" version="1" changeset="116496402" timestamp="2022-01-23T12:06:48Z" user="Dulvoyinn" uid="12664715" lat="30.3325037" lon="120.0707088"/>
 <node id="9442049725" visible="true" version="1" changeset="116496402" timestamp="2022-01-23T12:06:48Z" user="Dulvoyinn" uid="12664715" lat="30.3322776" lon="120.0708740"/>
 <node id="9442049726" visible="true" version="1" changeset="116496402" timestamp="2022-01-23T12:06:48Z" user="Dulvoyinn" uid="12664715" lat="30.3320964" lon="120.0710214"/>
 <node id="9442049727" visible="true" version="1" changeset="116496402" timestamp="2022-01-23T12:06:48Z" user="Dulvoyinn" uid="12664715" lat="30.3320200" lon="120.0711359"/>
 <node id="9442049728" visible="true" version="1" changeset="116496402" timestamp="2022-01-23T12:06:48Z" user="Dulvoyinn" uid="12664715" lat="30.3319284" lon="120.0713069"/>
 <node id="9442049729" visible="true" version="1" changeset="116496402" timestamp="2022-01-23T12:06:48Z" user="Dulvoyinn" uid="12664715" lat="30.3318540" lon="120.0713931"/>
 <node id="9442049730" visible="true" version="1" changeset="116496402" timestamp="2022-01-23T12:06:48Z" user="Dulvoyinn" uid="12664715" lat="30.3316881" lon="120.0715169"/>
 <node id="9442049731" visible="true" version="1" changeset="116496402" timestamp="2022-01-23T12:06:48Z" user="Dulvoyinn" uid="12664715" lat="30.3313653" lon="120.0717045"/>
 <node id="9442049732" visible="true" version="1" changeset="116496402" timestamp="2022-01-23T12:06:48Z" user="Dulvoyinn" uid="12664715" lat="30.3312960" lon="120.0717670"/>
 <node id="9442049733" visible="true" version="1" changeset="116496402" timestamp="2022-01-23T12:06:48Z" user="Dulvoyinn" uid="12664715" lat="30.3312858" lon="120.0718461"/>
 <node id="9442049734" visible="true" version="1" changeset="116496402" timestamp="2022-01-23T12:06:48Z" user="Dulvoyinn" uid="12664715" lat="30.3313011" lon="120.0720112"/>
 <node id="9442049735" visible="true" version="1" changeset="116496402" timestamp="2022-01-23T12:06:48Z" user="Dulvoyinn" uid="12664715" lat="30.3313561" lon="120.0723427"/>
 <node id="9442049736" visible="true" version="1" changeset="116496402" timestamp="2022-01-23T12:06:48Z" user="Dulvoyinn" uid="12664715" lat="30.3314854" lon="120.0728949"/>
 <node id="9442049737" visible="true" version="1" changeset="116496402" timestamp="2022-01-23T12:06:48Z" user="Dulvoyinn" uid="12664715" lat="30.3317512" lon="120.0739165"/>
 <node id="9442049738" visible="true" version="1" changeset="116496402" timestamp="2022-01-23T12:06:48Z" user="Dulvoyinn" uid="12664715" lat="30.3317807" lon="120.0740675"/>
 <node id="9442049739" visible="true" version="1" changeset="116496402" timestamp="2022-01-23T12:06:48Z" user="Dulvoyinn" uid="12664715" lat="30.3318031" lon="120.0742315"/>
 <node id="9442049740" visible="true" version="1" changeset="116496402" timestamp="2022-01-23T12:06:48Z" user="Dulvoyinn" uid="12664715" lat="30.3318540" lon="120.0744615"/>
 <node id="9442049741" visible="true" version="1" changeset="116496402" timestamp="2022-01-23T12:06:48Z" user="Dulvoyinn" uid="12664715" lat="30.3319691" lon="120.0748048"/>
 <node id="9442049742" visible="true" version="1" changeset="116496402" timestamp="2022-01-23T12:06:48Z" user="Dulvoyinn" uid="12664715" lat="30.3319671" lon="120.0748603"/>
 <node id="9442049743" visible="true" version="1" changeset="116496402" timestamp="2022-01-23T12:06:48Z" user="Dulvoyinn" uid="12664715" lat="30.3319192" lon="120.0749063"/>
 <node id="9442049744" visible="true" version="1" changeset="116496402" timestamp="2022-01-23T12:06:48Z" user="Dulvoyinn" uid="12664715" lat="30.3319721" lon="120.0751599"/>
 <node id="9442049745" visible="true" version="1" changeset="116496402" timestamp="2022-01-23T12:06:48Z" user="Dulvoyinn" uid="12664715" lat="30.3320516" lon="120.0751906"/>
 <node id="9442049746" visible="true" version="1" changeset="116496402" timestamp="2022-01-23T12:06:48Z" user="Dulvoyinn" uid="12664715" lat="30.3320760" lon="120.0752213"/>
 <node id="9442049747" visible="true" version="1" changeset="116496402" timestamp="2022-01-23T12:06:48Z" user="Dulvoyinn" uid="12664715" lat="30.3321819" lon="120.0756248"/>
 <node id="9442049748" visible="true" version="1" changeset="116496402" timestamp="2022-01-23T12:06:48Z" user="Dulvoyinn" uid="12664715" lat="30.3321921" lon="120.0757581"/>
 <node id="9442049749" visible="true" version="1" changeset="116496402" timestamp="2022-01-23T12:06:48Z" user="Dulvoyinn" uid="12664715" lat="30.3322257" lon="120.0758690"/>
 <node id="9442049750" visible="true" version="1" changeset="116496402" timestamp="2022-01-23T12:06:48Z" user="Dulvoyinn" uid="12664715" lat="30.3322613" lon="120.0760306"/>
 <node id="9442049751" visible="true" version="1" changeset="116496402" timestamp="2022-01-23T12:06:48Z" user="Dulvoyinn" uid="12664715" lat="30.3323499" lon="120.0763998"/>
 <node id="9442049752" visible="true" version="1" changeset="116496402" timestamp="2022-01-23T12:06:48Z" user="Dulvoyinn" uid="12664715" lat="30.3324548" lon="120.0767184"/>
 <node id="9442049753" visible="true" version="1" changeset="116496402" timestamp="2022-01-23T12:06:48Z" user="Dulvoyinn" uid="12664715" lat="30.3324904" lon="120.0769248"/>
 <node id="9442049754" visible="true" version="1" changeset="116496402" timestamp="2022-01-23T12:06:48Z" user="Dulvoyinn" uid="12664715" lat="30.3325210" lon="120.0771041"/>
 <node id="9442049755" visible="true" version="1" changeset="116496402" timestamp="2022-01-23T12:06:48Z" user="Dulvoyinn" uid="12664715" lat="30.3325607" lon="120.0772634"/>
 <node id="9442049756" visible="true" version="1" changeset="116496402" timestamp="2022-01-23T12:06:48Z" user="Dulvoyinn" uid="12664715" lat="30.3326075" lon="120.0774215"/>
 <node id="9442049757" visible="true" version="1" changeset="116496402" timestamp="2022-01-23T12:06:48Z" user="Dulvoyinn" uid="12664715" lat="30.3327124" lon="120.0777200"/>
 <node id="9442049758" visible="true" version="1" changeset="116496402" timestamp="2022-01-23T12:06:48Z" user="Dulvoyinn" uid="12664715" lat="30.3327246" lon="120.0779099"/>
 <node id="9442049759" visible="true" version="1" changeset="116496402" timestamp="2022-01-23T12:06:48Z" user="Dulvoyinn" uid="12664715" lat="30.3327429" lon="120.0780031"/>
 <node id="9442049760" visible="true" version="1" changeset="116496402" timestamp="2022-01-23T12:06:48Z" user="Dulvoyinn" uid="12664715" lat="30.3328051" lon="120.0781222"/>
 <node id="9442049761" visible="true" version="1" changeset="116496402" timestamp="2022-01-23T12:06:48Z" user="Dulvoyinn" uid="12664715" lat="30.3328427" lon="120.0782792"/>
 <node id="9442049762" visible="true" version="1" changeset="116496402" timestamp="2022-01-23T12:06:48Z" user="Dulvoyinn" uid="12664715" lat="30.3328723" lon="120.0784844"/>
 <node id="9442049763" visible="true" version="1" changeset="116496402" timestamp="2022-01-23T12:06:48Z" user="Dulvoyinn" uid="12664715" lat="30.3329945" lon="120.0789433"/>
 <node id="9442049764" visible="true" version="1" changeset="116496402" timestamp="2022-01-23T12:06:48Z" user="Dulvoyinn" uid="12664715" lat="30.3330311" lon="120.0790531"/>
 <node id="9442049765" visible="true" version="1" changeset="116496402" timestamp="2022-01-23T12:06:48Z" user="Dulvoyinn" uid="12664715" lat="30.3331166" lon="120.0793905"/>
 <node id="9442049766" visible="true" version="1" changeset="116496402" timestamp="2022-01-23T12:06:48Z" user="Dulvoyinn" uid="12664715" lat="30.3332429" lon="120.0796358"/>
 <node id="9442049767" visible="true" version="1" changeset="116496402" timestamp="2022-01-23T12:06:48Z" user="Dulvoyinn" uid="12664715" lat="30.3332663" lon="120.0797149"/>
 <node id="9442049768" visible="true" version="1" changeset="116496402" timestamp="2022-01-23T12:06:48Z" user="Dulvoyinn" uid="12664715" lat="30.3332816" lon="120.0798116"/>
 <node id="9442049769" visible="true" version="1" changeset="116496402" timestamp="2022-01-23T12:06:48Z" user="Dulvoyinn" uid="12664715" lat="30.3333091" lon="120.0798706"/>
 <node id="9442049770" visible="true" version="1" changeset="116496402" timestamp="2022-01-23T12:06:48Z" user="Dulvoyinn" uid="12664715" lat="30.3334150" lon="120.0800629"/>
 <node id="9442049771" visible="true" version="1" changeset="116496402" timestamp="2022-01-23T12:06:48Z" user="Dulvoyinn" uid="12664715" lat="30.3334842" lon="120.0802210"/>
 <node id="9442049772" visible="true" version="1" changeset="116496402" timestamp="2022-01-23T12:06:48Z" user="Dulvoyinn" uid="12664715" lat="30.3335260" lon="120.0803260"/>
 <node id="9442049773" visible="true" version="1" changeset="116496402" timestamp="2022-01-23T12:06:48Z" user="Dulvoyinn" uid="12664715" lat="30.3335626" lon="120.0804676"/>
 <node id="9442049774" visible="true" version="1" changeset="116496402" timestamp="2022-01-23T12:06:48Z" user="Dulvoyinn" uid="12664715" lat="30.3335647" lon="120.0806045"/>
 <node id="9442049775" visible="true" version="1" changeset="116496402" timestamp="2022-01-23T12:06:48Z" user="Dulvoyinn" uid="12664715" lat="30.3337968" lon="120.0801950"/>
 <node id="9442049776" visible="true" version="1" changeset="116496402" timestamp="2022-01-23T12:06:48Z" user="Dulvoyinn" uid="12664715" lat="30.3337174" lon="120.0801644"/>
 <node id="9442049777" visible="true" version="1" changeset="116496402" timestamp="2022-01-23T12:06:48Z" user="Dulvoyinn" uid="12664715" lat="30.3336543" lon="120.0801290"/>
 <node id="9442049778" visible="true" version="1" changeset="116496402" timestamp="2022-01-23T12:06:48Z" user="Dulvoyinn" uid="12664715" lat="30.3336247" lon="120.0800440"/>
 <node id="9442049779" visible="true" version="1" changeset="116496402" timestamp="2022-01-23T12:06:48Z" user="Dulvoyinn" uid="12664715" lat="30.3335687" lon="120.0799213"/>
 <node id="9442049780" visible="true" version="1" changeset="116496402" timestamp="2022-01-23T12:06:48Z" user="Dulvoyinn" uid="12664715" lat="30.3334588" lon="120.0797220"/>
 <node id="9442049781" visible="true" version="1" changeset="116496402" timestamp="2022-01-23T12:06:48Z" user="Dulvoyinn" uid="12664715" lat="30.3333610" lon="120.0795580"/>
 <node id="9442049782" visible="true" version="1" changeset="116496402" timestamp="2022-01-23T12:06:48Z" user="Dulvoyinn" uid="12664715" lat="30.3332938" lon="120.0794247"/>
 <node id="9442049783" visible="true" version="1" changeset="116496402" timestamp="2022-01-23T12:06:48Z" user="Dulvoyinn" uid="12664715" lat="30.3332989" lon="120.0792996"/>
 <node id="9442049784" visible="true" version="1" changeset="116496402" timestamp="2022-01-23T12:06:48Z" user="Dulvoyinn" uid="12664715" lat="30.3332276" lon="120.0790590"/>
 <node id="9442049785" visible="true" version="1" changeset="116496402" timestamp="2022-01-23T12:06:48Z" user="Dulvoyinn" uid="12664715" lat="30.3331767" lon="120.0789917"/>
 <node id="9442049786" visible="true" version="1" changeset="116496402" timestamp="2022-01-23T12:06:48Z" user="Dulvoyinn" uid="12664715" lat="30.3331696" lon="120.0789363"/>
 <node id="9442049787" visible="true" version="1" changeset="116496402" timestamp="2022-01-23T12:06:48Z" user="Dulvoyinn" uid="12664715" lat="30.3331421" lon="120.0788195"/>
 <node id="9442049788" visible="true" version="1" changeset="116496402" timestamp="2022-01-23T12:06:48Z" user="Dulvoyinn" uid="12664715" lat="30.3330830" lon="120.0787062"/>
 <node id="9442049789" visible="true" version="1" changeset="116496402" timestamp="2022-01-23T12:06:48Z" user="Dulvoyinn" uid="12664715" lat="30.3330413" lon="120.0785517"/>
 <node id="9442049790" visible="true" version="1" changeset="116496402" timestamp="2022-01-23T12:06:48Z" user="Dulvoyinn" uid="12664715" lat="30.3330331" lon="120.0784915"/>
 <node id="9442049791" visible="true" version="1" changeset="116496402" timestamp="2022-01-23T12:06:48Z" user="Dulvoyinn" uid="12664715" lat="30.3330270" lon="120.0783204"/>
 <node id="9442049792" visible="true" version="1" changeset="116496402" timestamp="2022-01-23T12:06:48Z" user="Dulvoyinn" uid="12664715" lat="30.3329985" lon="120.0782768"/>
 <node id="9442049793" visible="true" version="1" changeset="116496402" timestamp="2022-01-23T12:06:48Z" user="Dulvoyinn" uid="12664715" lat="30.3330006" lon="120.0782013"/>
 <node id="9442049794" visible="true" version="1" changeset="116496402" timestamp="2022-01-23T12:06:48Z" user="Dulvoyinn" uid="12664715" lat="30.3329924" lon="120.0781364"/>
 <node id="9442049795" visible="true" version="1" changeset="116496402" timestamp="2022-01-23T12:06:48Z" user="Dulvoyinn" uid="12664715" lat="30.3329507" lon="120.0780114"/>
 <node id="9442049796" visible="true" version="1" changeset="116496402" timestamp="2022-01-23T12:06:48Z" user="Dulvoyinn" uid="12664715" lat="30.3328886" lon="120.0778828"/>
 <node id="9442049797" visible="true" version="1" changeset="116496402" timestamp="2022-01-23T12:06:48Z" user="Dulvoyinn" uid="12664715" lat="30.3328427" lon="120.0777424"/>
 <node id="9442049798" visible="true" version="1" changeset="116496402" timestamp="2022-01-23T12:06:48Z" user="Dulvoyinn" uid="12664715" lat="30.3328183" lon="120.0776220"/>
 <node id="9442049799" visible="true" version="1" changeset="116496402" timestamp="2022-01-23T12:06:48Z" user="Dulvoyinn" uid="12664715" lat="30.3327633" lon="120.0773684"/>
 <node id="9442049800" visible="true" version="1" changeset="116496402" timestamp="2022-01-23T12:06:48Z" user="Dulvoyinn" uid="12664715" lat="30.3327429" lon="120.0772363"/>
 <node id="9442049801" visible="true" version="1" changeset="116496402" timestamp="2022-01-23T12:06:48Z" user="Dulvoyinn" uid="12664715" lat="30.3327155" lon="120.0771148"/>
 <node id="9442049802" visible="true" version="1" changeset="116496402" timestamp="2022-01-23T12:06:48Z" user="Dulvoyinn" uid="12664715" lat="30.3326869" lon="120.0770251"/>
 <node id="9442049803" visible="true" version="1" changeset="116496402" timestamp="2022-01-23T12:06:48Z" user="Dulvoyinn" uid="12664715" lat="30.3326350" lon="120.0767927"/>
 <node id="9442049804" visible="true" version="1" changeset="116496402" timestamp="2022-01-23T12:06:48Z" user="Dulvoyinn" uid="12664715" lat="30.3326228" lon="120.0766983"/>
 <node id="9442049805" visible="true" version="1" changeset="116496402" timestamp="2022-01-23T12:06:48Z" user="Dulvoyinn" uid="12664715" lat="30.3325760" lon="120.0764824"/>
 <node id="9442049806" visible="true" version="1" changeset="116496402" timestamp="2022-01-23T12:06:48Z" user="Dulvoyinn" uid="12664715" lat="30.3325312" lon="120.0763774"/>
 <node id="9442049807" visible="true" version="1" changeset="116496402" timestamp="2022-01-23T12:06:48Z" user="Dulvoyinn" uid="12664715" lat="30.3324711" lon="120.0761686"/>
 <node id="9442049808" visible="true" version="1" changeset="116496402" timestamp="2022-01-23T12:06:48Z" user="Dulvoyinn" uid="12664715" lat="30.3324079" lon="120.0759091"/>
 <node id="9442049809" visible="true" version="1" changeset="116496402" timestamp="2022-01-23T12:06:48Z" user="Dulvoyinn" uid="12664715" lat="30.3323794" lon="120.0757085"/>
 <node id="9442049810" visible="true" version="1" changeset="116496402" timestamp="2022-01-23T12:06:48Z" user="Dulvoyinn" uid="12664715" lat="30.3323672" lon="120.0756802"/>
 <node id="9442049811" visible="true" version="1" changeset="116496402" timestamp="2022-01-23T12:06:48Z" user="Dulvoyinn" uid="12664715" lat="30.3323234" lon="120.0756613"/>
 <node id="9442049812" visible="true" version="1" changeset="116496402" timestamp="2022-01-23T12:06:48Z" user="Dulvoyinn" uid="12664715" lat="30.3322837" lon="120.0755846"/>
 <node id="9442049813" visible="true" version="1" changeset="116496402" timestamp="2022-01-23T12:06:48Z" user="Dulvoyinn" uid="12664715" lat="30.3322053" lon="120.0751446"/>
 <node id="9442049814" visible="true" version="1" changeset="116496402" timestamp="2022-01-23T12:06:48Z" user="Dulvoyinn" uid="12664715" lat="30.3322023" lon="120.0750148"/>
 <node id="9442049815" visible="true" version="1" changeset="116496402" timestamp="2022-01-23T12:06:48Z" user="Dulvoyinn" uid="12664715" lat="30.3321799" lon="120.0748768"/>
 <node id="9442049816" visible="true" version="1" changeset="116496402" timestamp="2022-01-23T12:06:48Z" user="Dulvoyinn" uid="12664715" lat="30.3321503" lon="120.0747541"/>
 <node id="9442049817" visible="true" version="1" changeset="116496402" timestamp="2022-01-23T12:06:48Z" user="Dulvoyinn" uid="12664715" lat="30.3321106" lon="120.0746314"/>
 <node id="9442049818" visible="true" version="1" changeset="116496402" timestamp="2022-01-23T12:06:48Z" user="Dulvoyinn" uid="12664715" lat="30.3320546" lon="120.0744958"/>
 <node id="9442049819" visible="true" version="1" changeset="116496402" timestamp="2022-01-23T12:06:48Z" user="Dulvoyinn" uid="12664715" lat="30.3320220" lon="120.0743801"/>
 <node id="9442049820" visible="true" version="1" changeset="116496402" timestamp="2022-01-23T12:06:48Z" user="Dulvoyinn" uid="12664715" lat="30.3319833" lon="120.0741902"/>
 <node id="9442049821" visible="true" version="1" changeset="116496402" timestamp="2022-01-23T12:06:48Z" user="Dulvoyinn" uid="12664715" lat="30.3319650" lon="120.0740534"/>
 <node id="9442049822" visible="true" version="1" changeset="116496402" timestamp="2022-01-23T12:06:48Z" user="Dulvoyinn" uid="12664715" lat="30.3319365" lon="120.0738858"/>
 <node id="9442049823" visible="true" version="1" changeset="116496402" timestamp="2022-01-23T12:06:48Z" user="Dulvoyinn" uid="12664715" lat="30.3319080" lon="120.0737490"/>
 <node id="9442049824" visible="true" version="1" changeset="116496402" timestamp="2022-01-23T12:06:48Z" user="Dulvoyinn" uid="12664715" lat="30.3318438" lon="120.0735508"/>
 <node id="9442049825" visible="true" version="1" changeset="116496402" timestamp="2022-01-23T12:06:48Z" user="Dulvoyinn" uid="12664715" lat="30.3317766" lon="120.0733054"/>
 <node id="9442049826" visible="true" version="1" changeset="116496402" timestamp="2022-01-23T12:06:48Z" user="Dulvoyinn" uid="12664715" lat="30.3317451" lon="120.0731520"/>
 <node id="9442049827" visible="true" version="1" changeset="116496402" timestamp="2022-01-23T12:06:48Z" user="Dulvoyinn" uid="12664715" lat="30.3317064" lon="120.0729727"/>
 <node id="9442049828" visible="true" version="1" changeset="116496402" timestamp="2022-01-23T12:06:48Z" user="Dulvoyinn" uid="12664715" lat="30.3316575" lon="120.0727757"/>
 <node id="9442049829" visible="true" version="1" changeset="116496402" timestamp="2022-01-23T12:06:48Z" user="Dulvoyinn" uid="12664715" lat="30.3315883" lon="120.0725303"/>
 <node id="9442049830" visible="true" version="1" changeset="116496402" timestamp="2022-01-23T12:06:48Z" user="Dulvoyinn" uid="12664715" lat="30.3315516" lon="120.0724430"/>
 <node id="9442049831" visible="true" version="1" changeset="116496402" timestamp="2022-01-23T12:06:48Z" user="Dulvoyinn" uid="12664715" lat="30.3314987" lon="120.0722590"/>
 <node id="9442049832" visible="true" version="1" changeset="116496402" timestamp="2022-01-23T12:06:48Z" user="Dulvoyinn" uid="12664715" lat="30.3314325" lon="120.0719511"/>
 <node id="9442049833" visible="true" version="1" changeset="116496402" timestamp="2022-01-23T12:06:48Z" user="Dulvoyinn" uid="12664715" lat="30.3314274" lon="120.0718402"/>
 <node id="9442049834" visible="true" version="1" changeset="116496402" timestamp="2022-01-23T12:06:48Z" user="Dulvoyinn" uid="12664715" lat="30.3314396" lon="120.0717694"/>
 <node id="9442049835" visible="true" version="1" changeset="116496402" timestamp="2022-01-23T12:06:48Z" user="Dulvoyinn" uid="12664715" lat="30.3316494" lon="120.0716373"/>
 <node id="9442049836" visible="true" version="1" changeset="116496402" timestamp="2022-01-23T12:06:48Z" user="Dulvoyinn" uid="12664715" lat="30.3318642" lon="120.0714733"/>
 <node id="9442049837" visible="true" version="1" changeset="116496402" timestamp="2022-01-23T12:06:48Z" user="Dulvoyinn" uid="12664715" lat="30.3319650" lon="120.0714060"/>
 <node id="9442049838" visible="true" version="1" changeset="116496402" timestamp="2022-01-23T12:06:48Z" user="Dulvoyinn" uid="12664715" lat="30.3320017" lon="120.0713081"/>
 <node id="9442049839" visible="true" version="1" changeset="116496402" timestamp="2022-01-23T12:06:48Z" user="Dulvoyinn" uid="12664715" lat="30.3320393" lon="120.0712220"/>
 <node id="9442049840" visible="true" version="1" changeset="116496402" timestamp="2022-01-23T12:06:48Z" user="Dulvoyinn" uid="12664715" lat="30.3320872" lon="120.0711182"/>
 <node id="9442049841" visible="true" version="1" changeset="116496402" timestamp="2022-01-23T12:06:48Z" user="Dulvoyinn" uid="12664715" lat="30.3321218" lon="120.0710733"/>
 <node id="9442049842" visible="true" version="1" changeset="116496402" timestamp="2022-01-23T12:06:48Z" user="Dulvoyinn" uid="12664715" lat="30.3321778" lon="120.0710238"/>
 <node id="9442049843" visible="true" version="1" changeset="116496402" timestamp="2022-01-23T12:06:48Z" user="Dulvoyinn" uid="12664715" lat="30.3324049" lon="120.0708834"/>
 <node id="9442049844" visible="true" version="1" changeset="116496402" timestamp="2022-01-23T12:06:48Z" user="Dulvoyinn" uid="12664715" lat="30.3326106" lon="120.0707536"/>
 <node id="9442049845" visible="true" version="1" changeset="116496402" timestamp="2022-01-23T12:06:48Z" user="Dulvoyinn" uid="12664715" lat="30.3326757" lon="120.0706911"/>
 <node id="9442049846" visible="true" version="1" changeset="116496402" timestamp="2022-01-23T12:06:48Z" user="Dulvoyinn" uid="12664715" lat="30.3327236" lon="120.0706368"/>
 <node id="9442049847" visible="true" version="1" changeset="116496402" timestamp="2022-01-23T12:06:48Z" user="Dulvoyinn" uid="12664715" lat="30.3327674" lon="120.0705307"/>
 <node id="9442049848" visible="true" version="1" changeset="116496402" timestamp="2022-01-23T12:06:48Z" user="Dulvoyinn" uid="12664715" lat="30.3327969" lon="120.0704457"/>
 <node id="9442049849" visible="true" version="1" changeset="116496402" timestamp="2022-01-23T12:06:48Z" user="Dulvoyinn" uid="12664715" lat="30.3328234" lon="120.0703502"/>
 <node id="9442049850" visible="true" version="1" changeset="116496402" timestamp="2022-01-23T12:06:48Z" user="Dulvoyinn" uid="12664715" lat="30.3328254" lon="120.0702381"/>
 <node id="9442049851" visible="true" version="1" changeset="116496402" timestamp="2022-01-23T12:06:48Z" user="Dulvoyinn" uid="12664715" lat="30.3328244" lon="120.0700788"/>
 <node id="9442049852" visible="true" version="1" changeset="116496402" timestamp="2022-01-23T12:06:48Z" user="Dulvoyinn" uid="12664715" lat="30.3328356" lon="120.0700305"/>
 <node id="9442049853" visible="true" version="1" changeset="116496402" timestamp="2022-01-23T12:06:48Z" user="Dulvoyinn" uid="12664715" lat="30.3328682" lon="120.0700033"/>
 <node id="9442049854" visible="true" version="1" changeset="116496402" timestamp="2022-01-23T12:06:48Z" user="Dulvoyinn" uid="12664715" lat="30.3329222" lon="120.0699868"/>
 <node id="9442049855" visible="true" version="1" changeset="116496402" timestamp="2022-01-23T12:06:48Z" user="Dulvoyinn" uid="12664715" lat="30.3333743" lon="120.0699325"/>
 <node id="9442049856" visible="true" version="1" changeset="116496402" timestamp="2022-01-23T12:06:48Z" user="Dulvoyinn" uid="12664715" lat="30.3335769" lon="120.0699054"/>
 <node id="9442049857" visible="true" version="1" changeset="116496402" timestamp="2022-01-23T12:06:48Z" user="Dulvoyinn" uid="12664715" lat="30.3337714" lon="120.0698511"/>
 <node id="9442049858" visible="true" version="1" changeset="116496402" timestamp="2022-01-23T12:06:48Z" user="Dulvoyinn" uid="12664715" lat="30.3341094" lon="120.0697686"/>
 <node id="9442049859" visible="true" version="1" changeset="116496402" timestamp="2022-01-23T12:06:48Z" user="Dulvoyinn" uid="12664715" lat="30.3344688" lon="120.0697155"/>
 <node id="9442049860" visible="true" version="2" changeset="180519936" timestamp="2026-03-27T20:10:32Z" user="rza31" uid="2137840" lat="30.3351783" lon="120.0694715"/>
 <node id="9442049861" visible="true" version="1" changeset="116496402" timestamp="2022-01-23T12:06:48Z" user="Dulvoyinn" uid="12664715" lat="30.3350482" lon="120.0694925"/>
 <node id="9442049862" visible="true" version="1" changeset="116496402" timestamp="2022-01-23T12:06:48Z" user="Dulvoyinn" uid="12664715" lat="30.3344403" lon="120.0695975"/>
 <node id="9442049863" visible="true" version="1" changeset="116496402" timestamp="2022-01-23T12:06:48Z" user="Dulvoyinn" uid="12664715" lat="30.3343436" lon="120.0696152"/>
 <node id="9442049864" visible="true" version="1" changeset="116496402" timestamp="2022-01-23T12:06:48Z" user="Dulvoyinn" uid="12664715" lat="30.3342000" lon="120.0696824"/>
 <node id="9442049865" visible="true" version="1" changeset="116496402" timestamp="2022-01-23T12:06:48Z" user="Dulvoyinn" uid="12664715" lat="30.3339842" lon="120.0697155"/>
 <node id="9442049866" visible="true" version="1" changeset="116496402" timestamp="2022-01-23T12:06:48Z" user="Dulvoyinn" uid="12664715" lat="30.3339058" lon="120.0697261"/>
 <node id="9442049867" visible="true" version="1" changeset="116496402" timestamp="2022-01-23T12:06:48Z" user="Dulvoyinn" uid="12664715" lat="30.3336614" lon="120.0697544"/>
 <node id="9442049868" visible="true" version="1" changeset="116496402" timestamp="2022-01-23T12:06:48Z" user="Dulvoyinn" uid="12664715" lat="30.3336217" lon="120.0697260"/>
 <node id="9442049869" visible="true" version="1" changeset="116496402" timestamp="2022-01-23T12:06:48Z" user="Dulvoyinn" uid="12664715" lat="30.3336002" lon="120.0697338"/>
 <node id="9442049870" visible="true" version="1" changeset="116496402" timestamp="2022-01-23T12:06:48Z" user="Dulvoyinn" uid="12664715" lat="30.3335976" lon="120.0697711"/>
 <node id="9442049871" visible="true" version="1" changeset="116496402" timestamp="2022-01-23T12:06:48Z" user="Dulvoyinn" uid="12664715" lat="30.3335559" lon="120.0697836"/>
 <node id="9442049872" visible="true" version="1" changeset="116496402" timestamp="2022-01-23T12:06:48Z" user="Dulvoyinn" uid="12664715" lat="30.3333288" lon="120.0697976"/>
 <node id="9442049873" visible="true" version="1" changeset="116496402" timestamp="2022-01-23T12:06:48Z" user="Dulvoyinn" uid="12664715" lat="30.3330548" lon="120.0698116"/>
 <node id="9442049874" visible="true" version="1" changeset="116496402" timestamp="2022-01-23T12:06:48Z" user="Dulvoyinn" uid="12664715" lat="30.3329594" lon="120.0698131"/>
 <node id="9442049875" visible="true" version="1" changeset="116496402" timestamp="2022-01-23T12:06:48Z" user="Dulvoyinn" uid="12664715" lat="30.3329029" lon="120.0697805"/>
 <node id="9442049876" visible="true" version="1" changeset="116496402" timestamp="2022-01-23T12:06:48Z" user="Dulvoyinn" uid="12664715" lat="30.3328599" lon="120.0697322"/>
 <node id="9442049877" visible="true" version="1" changeset="116496402" timestamp="2022-01-23T12:06:48Z" user="Dulvoyinn" uid="12664715" lat="30.3328317" lon="120.0696528"/>
 <node id="9442049878" visible="true" version="1" changeset="116496402" timestamp="2022-01-23T12:06:48Z" user="Dulvoyinn" uid="12664715" lat="30.3327780" lon="120.0695221"/>
 <node id="9442049879" visible="true" version="1" changeset="116496402" timestamp="2022-01-23T12:06:48Z" user="Dulvoyinn" uid="12664715" lat="30.3327457" lon="120.0693259"/>
 <node id="9442049880" visible="true" version="1" changeset="116496402" timestamp="2022-01-23T12:06:48Z" user="Dulvoyinn" uid="12664715" lat="30.3327216" lon="120.0692496"/>
 <node id="9442049881" visible="true" version="1" changeset="116496402" timestamp="2022-01-23T12:06:48Z" user="Dulvoyinn" uid="12664715" lat="30.3326759" lon="120.0691718"/>
 <node id="9442049882" visible="true" version="1" changeset="116496402" timestamp="2022-01-23T12:06:48Z" user="Dulvoyinn" uid="12664715" lat="30.3326436" lon="120.0690644"/>
 <node id="9442049883" visible="true" version="1" changeset="116496402" timestamp="2022-01-23T12:06:48Z" user="Dulvoyinn" uid="12664715" lat="30.3326342" lon="120.0689772"/>
 <node id="9442049884" visible="true" version="1" changeset="116496402" timestamp="2022-01-23T12:06:48Z" user="Dulvoyinn" uid="12664715" lat="30.3325684" lon="120.0687032"/>
 <node id="9442049885" visible="true" version="1" changeset="116496402" timestamp="2022-01-23T12:06:48Z" user="Dulvoyinn" uid="12664715" lat="30.3324582" lon="120.0682876"/>
 <node id="9442049886" visible="true" version="1" changeset="116496402" timestamp="2022-01-23T12:06:48Z" user="Dulvoyinn" uid="12664715" lat="30.3324112" lon="120.0682098"/>
 <node id="9442049887" visible="true" version="1" changeset="116496402" timestamp="2022-01-23T12:06:48Z" user="Dulvoyinn" uid="12664715" lat="30.3321371" lon="120.0672820"/>
 <node id="9442049888" visible="true" version="1" changeset="116496402" timestamp="2022-01-23T12:06:48Z" user="Dulvoyinn" uid="12664715" lat="30.3320740" lon="120.0670656"/>
 <node id="9442049889" visible="true" version="1" changeset="116496402" timestamp="2022-01-23T12:06:48Z" user="Dulvoyinn" uid="12664715" lat="30.3319960" lon="120.0668773"/>
 <node id="9442049890" visible="true" version="1" changeset="116496402" timestamp="2022-01-23T12:06:48Z" user="Dulvoyinn" uid="12664715" lat="30.3319356" lon="120.0667419"/>
 <node id="9442049891" visible="true" version="1" changeset="116496402" timestamp="2022-01-23T12:06:48Z" user="Dulvoyinn" uid="12664715" lat="30.3318160" lon="120.0665410"/>
 <node id="9442049892" visible="true" version="1" changeset="116496402" timestamp="2022-01-23T12:06:48Z" user="Dulvoyinn" uid="12664715" lat="30.3317179" lon="120.0663900"/>
 <node id="9442049893" visible="true" version="1" changeset="116496402" timestamp="2022-01-23T12:06:48Z" user="Dulvoyinn" uid="12664715" lat="30.3315943" lon="120.0662655"/>
 <node id="9442049894" visible="true" version="1" changeset="116496402" timestamp="2022-01-23T12:06:48Z" user="Dulvoyinn" uid="12664715" lat="30.3314680" lon="120.0660663"/>
 <node id="9442049895" visible="true" version="1" changeset="116496402" timestamp="2022-01-23T12:06:48Z" user="Dulvoyinn" uid="12664715" lat="30.3312100" lon="120.0657923"/>
 <node id="9442049896" visible="true" version="1" changeset="116496402" timestamp="2022-01-23T12:06:48Z" user="Dulvoyinn" uid="12664715" lat="30.3310555" lon="120.0655790"/>
 <node id="9442049897" visible="true" version="1" changeset="116496402" timestamp="2022-01-23T12:06:48Z" user="Dulvoyinn" uid="12664715" lat="30.3310179" lon="120.0655292"/>
 <node id="9442049898" visible="true" version="1" changeset="116496402" timestamp="2022-01-23T12:06:48Z" user="Dulvoyinn" uid="12664715" lat="30.3309238" lon="120.0654358"/>
 <node id="9442049899" visible="true" version="1" changeset="116496402" timestamp="2022-01-23T12:06:48Z" user="Dulvoyinn" uid="12664715" lat="30.3308190" lon="120.0652879"/>
 <node id="9442049900" visible="true" version="1" changeset="116496402" timestamp="2022-01-23T12:06:48Z" user="Dulvoyinn" uid="12664715" lat="30.3305987" lon="120.0650171"/>
 <node id="9442049901" visible="true" version="1" changeset="116496402" timestamp="2022-01-23T12:06:48Z" user="Dulvoyinn" uid="12664715" lat="30.3303488" lon="120.0646684"/>
 <node id="9442049902" visible="true" version="1" changeset="116496402" timestamp="2022-01-23T12:06:48Z" user="Dulvoyinn" uid="12664715" lat="30.3302695" lon="120.0645719"/>
 <node id="9442049903" visible="true" version="1" changeset="116496402" timestamp="2022-01-23T12:06:48Z" user="Dulvoyinn" uid="12664715" lat="30.3301674" lon="120.0644753"/>
 <node id="9442049904" visible="true" version="1" changeset="116496402" timestamp="2022-01-23T12:06:48Z" user="Dulvoyinn" uid="12664715" lat="30.3300290" lon="120.0643057"/>
 <node id="9442049905" visible="true" version="1" changeset="116496402" timestamp="2022-01-23T12:06:48Z" user="Dulvoyinn" uid="12664715" lat="30.3298396" lon="120.0640504"/>
 <node id="9442049906" visible="true" version="1" changeset="116496402" timestamp="2022-01-23T12:06:48Z" user="Dulvoyinn" uid="12664715" lat="30.3298033" lon="120.0640364"/>
 <node id="9442049907" visible="true" version="1" changeset="116496402" timestamp="2022-01-23T12:06:48Z" user="Dulvoyinn" uid="12664715" lat="30.3296716" lon="120.0638885"/>
 <node id="9442049908" visible="true" version="1" changeset="116496402" timestamp="2022-01-23T12:06:48Z" user="Dulvoyinn" uid="12664715" lat="30.3296273" lon="120.0638215"/>
 <node id="9442049909" visible="true" version="1" changeset="116496402" timestamp="2022-01-23T12:06:48Z" user="Dulvoyinn" uid="12664715" lat="30.3295386" lon="120.0636783"/>
 <node id="9442049910" visible="true" version="1" changeset="116496402" timestamp="2022-01-23T12:06:48Z" user="Dulvoyinn" uid="12664715" lat="30.3294123" lon="120.0635585"/>
 <node id="9442049911" visible="true" version="1" changeset="116496402" timestamp="2022-01-23T12:06:48Z" user="Dulvoyinn" uid="12664715" lat="30.3293358" lon="120.0633578"/>
 <node id="9442049912" visible="true" version="1" changeset="116496402" timestamp="2022-01-23T12:06:48Z" user="Dulvoyinn" uid="12664715" lat="30.3293077" lon="120.0621680"/>
 <node id="9442049913" visible="true" version="1" changeset="116496402" timestamp="2022-01-23T12:06:48Z" user="Dulvoyinn" uid="12664715" lat="30.3292633" lon="120.0619728"/>
 <node id="9442049914" visible="true" version="1" changeset="116496402" timestamp="2022-01-23T12:06:48Z" user="Dulvoyinn" uid="12664715" lat="30.3292399" lon="120.0615338"/>
 <node id="9442049915" visible="true" version="1" changeset="116496402" timestamp="2022-01-23T12:06:48Z" user="Dulvoyinn" uid="12664715" lat="30.3292492" lon="120.0614010"/>
 <node id="9442049916" visible="true" version="1" changeset="116496402" timestamp="2022-01-23T12:06:48Z" user="Dulvoyinn" uid="12664715" lat="30.3291908" lon="120.0612248"/>
 <node id="9442049917" visible="true" version="1" changeset="116496402" timestamp="2022-01-23T12:06:48Z" user="Dulvoyinn" uid="12664715" lat="30.3291533" lon="120.0611381"/>
 <node id="9442049918" visible="true" version="1" changeset="116496402" timestamp="2022-01-23T12:06:48Z" user="Dulvoyinn" uid="12664715" lat="30.3291674" lon="120.0609429"/>
 <node id="9442049919" visible="true" version="1" changeset="116496402" timestamp="2022-01-23T12:06:48Z" user="Dulvoyinn" uid="12664715" lat="30.3291533" lon="120.0607776"/>
 <node id="9442049920" visible="true" version="1" changeset="116496402" timestamp="2022-01-23T12:06:48Z" user="Dulvoyinn" uid="12664715" lat="30.3291908" lon="120.0605716"/>
 <node id="9442049921" visible="true" version="1" changeset="116496402" timestamp="2022-01-23T12:06:48Z" user="Dulvoyinn" uid="12664715" lat="30.3292375" lon="120.0603439"/>
 <node id="9442049922" visible="true" version="1" changeset="116496402" timestamp="2022-01-23T12:06:48Z" user="Dulvoyinn" uid="12664715" lat="30.3289461" lon="120.0600053"/>
 <node id="9442049923" visible="true" version="1" changeset="116496402" timestamp="2022-01-23T12:06:48Z" user="Dulvoyinn" uid="12664715" lat="30.3288820" lon="120.0600494"/>
 <node id="9442049924" visible="true" version="1" changeset="116496402" timestamp="2022-01-23T12:06:48Z" user="Dulvoyinn" uid="12664715" lat="30.3288133" lon="120.0600418"/>
 <node id="9442049925" visible="true" version="1" changeset="116496402" timestamp="2022-01-23T12:06:48Z" user="Dulvoyinn" uid="12664715" lat="30.3287706" lon="120.0599838"/>
 <node id="9442049926" visible="true" version="1" changeset="116496402" timestamp="2022-01-23T12:06:48Z" user="Dulvoyinn" uid="12664715" lat="30.3286862" lon="120.0599504"/>
 <node id="9442049927" visible="true" version="1" changeset="116496402" timestamp="2022-01-23T12:06:48Z" user="Dulvoyinn" uid="12664715" lat="30.3284401" lon="120.0599214"/>
 <node id="9442049928" visible="true" version="1" changeset="116496402" timestamp="2022-01-23T12:06:48Z" user="Dulvoyinn" uid="12664715" lat="30.3282192" lon="120.0599967"/>
 <node id="9442049929" visible="true" version="1" changeset="116496402" timestamp="2022-01-23T12:06:48Z" user="Dulvoyinn" uid="12664715" lat="30.3279555" lon="120.0601903"/>
 <node id="9442049930" visible="true" version="1" changeset="116496402" timestamp="2022-01-23T12:06:48Z" user="Dulvoyinn" uid="12664715" lat="30.3278980" lon="120.0602699"/>
 <node id="9442049931" visible="true" version="1" changeset="116496402" timestamp="2022-01-23T12:06:48Z" user="Dulvoyinn" uid="12664715" lat="30.3278079" lon="120.0604065"/>
 <node id="9724086973" visible="true" version="1" changeset="120688964" timestamp="2022-05-08T05:13:02Z" user="萧苏晏" uid="6088120" lat="30.3257755" lon="120.0625624"/>
 <node id="9724086974" visible="true" version="1" changeset="120688964" timestamp="2022-05-08T05:13:02Z" user="萧苏晏" uid="6088120" lat="30.3250881" lon="120.0599126"/>
 <node id="9724086975" visible="true" version="1" changeset="120688964" timestamp="2022-05-08T05:13:02Z" user="萧苏晏" uid="6088120" lat="30.3251044" lon="120.0600572"/>
 <node id="9724086981" visible="true" version="1" changeset="120688964" timestamp="2022-05-08T05:13:02Z" user="萧苏晏" uid="6088120" lat="30.3273065" lon="120.0607807"/>
 <node id="9724086982" visible="true" version="2" changeset="124950291" timestamp="2022-08-16T02:43:24Z" user="萧苏晏" uid="6088120" lat="30.3272101" lon="120.0608951"/>
 <node id="9822805915" visible="true" version="2" changeset="170814640" timestamp="2025-08-22T07:34:39Z" user="LokingY" uid="17584918" lat="30.3235023" lon="120.0536423"/>
 <node id="9822805916" visible="true" version="1" changeset="122467300" timestamp="2022-06-16T14:21:51Z" user="萧苏晏" uid="6088120" lat="30.3236457" lon="120.0536019"/>
 <node id="9822850617" visible="true" version="1" changeset="122467300" timestamp="2022-06-16T14:21:51Z" user="萧苏晏" uid="6088120" lat="30.3238041" lon="120.0551597"/>
 <node id="9956033462" visible="true" version="1" changeset="124950291" timestamp="2022-08-16T02:43:24Z" user="萧苏晏" uid="6088120" lat="30.3284127" lon="120.0581573"/>
 <node id="9956033463" visible="true" version="1" changeset="124950291" timestamp="2022-08-16T02:43:24Z" user="萧苏晏" uid="6088120" lat="30.3272896" lon="120.0605175"/>
 <node id="9956033464" visible="true" version="1" changeset="124950291" timestamp="2022-08-16T02:43:24Z" user="萧苏晏" uid="6088120" lat="30.3270100" lon="120.0607501"/>
 <node id="9986406728" visible="true" version="1" changeset="125530605" timestamp="2022-08-29T15:49:45Z" user="Quintindom" uid="16828775" lat="30.3265759" lon="120.0603644"/>
 <node id="11882698539" visible="true" version="1" changeset="150944597" timestamp="2024-05-06T02:38:40Z" user="快乐的老鼠宝宝" uid="9403945" lat="30.3090726" lon="120.0681682"/>
 <node id="12643869588" visible="true" version="1" changeset="163338129" timestamp="2025-03-07T18:01:35Z" user="Herman Lee" uid="6921384" lat="30.3218391" lon="120.0603715"/>
 <node id="13088713841" visible="true" version="1" changeset="170814640" timestamp="2025-08-22T07:34:39Z" user="LokingY" uid="17584918" lat="30.3235173" lon="120.0537276"/>
 <node id="13594365830" visible="true" version="1" changeset="178968966" timestamp="2026-02-24T03:27:44Z" user="Palewod" uid="23220906" lat="30.3241384" lon="120.0558343"/>
 <node id="13594365831" visible="true" version="1" changeset="178968966" timestamp="2026-02-24T03:27:44Z" user="Palewod" uid="23220906" lat="30.3243277" lon="120.0569503"/>
 <node id="13594365832" visible="true" version="1" changeset="178968966" timestamp="2026-02-24T03:27:44Z" user="Palewod" uid="23220906" lat="30.3246502" lon="120.0586034"/>
 <node id="13594365833" visible="true" version="1" changeset="178968966" timestamp="2026-02-24T03:27:44Z" user="Palewod" uid="23220906" lat="30.3248437" lon="120.0591825"/>
 <node id="13594365834" visible="true" version="1" changeset="178968966" timestamp="2026-02-24T03:27:44Z" user="Palewod" uid="23220906" lat="30.3251500" lon="120.0596402"/>
 <node id="13594365835" visible="true" version="1" changeset="178968966" timestamp="2026-02-24T03:27:44Z" user="Palewod" uid="23220906" lat="30.3255048" lon="120.0599858"/>
 <node id="13594365836" visible="true" version="1" changeset="178968966" timestamp="2026-02-24T03:27:44Z" user="Palewod" uid="23220906" lat="30.3242216" lon="120.0522179"/>
 <node id="13594365837" visible="true" version="1" changeset="178968966" timestamp="2026-02-24T03:27:44Z" user="Palewod" uid="23220906" lat="30.3265221" lon="120.0605236"/>
 <node id="13594365838" visible="true" version="1" changeset="178968966" timestamp="2026-02-24T03:27:44Z" user="Palewod" uid="23220906" lat="30.3277250" lon="120.0612232"/>
 <node id="13594365839" visible="true" version="1" changeset="178968966" timestamp="2026-02-24T03:27:44Z" user="Palewod" uid="23220906" lat="30.3239496" lon="120.0547098"/>
 <node id="13594365840" visible="true" version="1" changeset="178968966" timestamp="2026-02-24T03:27:44Z" user="Palewod" uid="23220906" lat="30.3297135" lon="120.0486616"/>
 <node id="13594365841" visible="true" version="1" changeset="178968966" timestamp="2026-02-24T03:27:44Z" user="Palewod" uid="23220906" lat="30.3306734" lon="120.0479769"/>
 <node id="13594365842" visible="true" version="1" changeset="178968966" timestamp="2026-02-24T03:27:44Z" user="Palewod" uid="23220906" lat="30.3313293" lon="120.0469112"/>
 <node id="13594365843" visible="true" version="1" changeset="178968966" timestamp="2026-02-24T03:27:44Z" user="Palewod" uid="23220906" lat="30.3315789" lon="120.0453476"/>
 <node id="13594365844" visible="true" version="1" changeset="178968966" timestamp="2026-02-24T03:27:44Z" user="Palewod" uid="23220906" lat="30.3315229" lon="120.0432815"/>
 <node id="13594365845" visible="true" version="1" changeset="178968966" timestamp="2026-02-24T03:27:44Z" user="Palewod" uid="23220906" lat="30.3287619" lon="120.0490949"/>
 <node id="13594365846" visible="true" version="1" changeset="178968966" timestamp="2026-02-24T03:27:44Z" user="Palewod" uid="23220906" lat="30.3277088" lon="120.0495139"/>
 <node id="13594365847" visible="true" version="1" changeset="178968966" timestamp="2026-02-24T03:27:44Z" user="Palewod" uid="23220906" lat="30.3314994" lon="120.0463149"/>
 <node id="13594365848" visible="true" version="1" changeset="178968966" timestamp="2026-02-24T03:27:44Z" user="Palewod" uid="23220906" lat="30.3310281" lon="120.0475187"/>
 <node id="13594365849" visible="true" version="1" changeset="178968966" timestamp="2026-02-24T03:27:44Z" user="Palewod" uid="23220906" lat="30.3302982" lon="120.0483172"/>
 <node id="13594365850" visible="true" version="1" changeset="178968966" timestamp="2026-02-24T03:27:44Z" user="Palewod" uid="23220906" lat="30.3314865" lon="120.0408617"/>
 <node id="13594365851" visible="true" version="1" changeset="178968966" timestamp="2026-02-24T03:27:44Z" user="Palewod" uid="23220906" lat="30.3313265" lon="120.0345027"/>
 <node id="13594365852" visible="true" version="1" changeset="178968966" timestamp="2026-02-24T03:27:44Z" user="Palewod" uid="23220906" lat="30.3312540" lon="120.0336667"/>
 <node id="13594365853" visible="true" version="1" changeset="178968966" timestamp="2026-02-24T03:27:44Z" user="Palewod" uid="23220906" lat="30.3310413" lon="120.0326500"/>
 <node id="13594365854" visible="true" version="1" changeset="178968966" timestamp="2026-02-24T03:27:44Z" user="Palewod" uid="23220906" lat="30.3308445" lon="120.0321385"/>
 <node id="13594365855" visible="true" version="1" changeset="178968966" timestamp="2026-02-24T03:27:44Z" user="Palewod" uid="23220906" lat="30.3306158" lon="120.0316949"/>
 <node id="13594365856" visible="true" version="1" changeset="178968966" timestamp="2026-02-24T03:27:44Z" user="Palewod" uid="23220906" lat="30.3276107" lon="120.0289343"/>
 <node id="13594365857" visible="true" version="1" changeset="178968966" timestamp="2026-02-24T03:27:44Z" user="Palewod" uid="23220906" lat="30.3302779" lon="120.0312821"/>
 <node id="13594365858" visible="true" version="1" changeset="178968966" timestamp="2026-02-24T03:27:44Z" user="Palewod" uid="23220906" lat="30.3311495" lon="120.0330654"/>
 <node id="13594365859" visible="true" version="1" changeset="178968966" timestamp="2026-02-24T03:27:44Z" user="Palewod" uid="23220906" lat="30.3271028" lon="120.0285623"/>
 <node id="13594365860" visible="true" version="1" changeset="178968966" timestamp="2026-02-24T03:27:44Z" user="Palewod" uid="23220906" lat="30.3265707" lon="120.0282634"/>
 <node id="13594365861" visible="true" version="1" changeset="178968966" timestamp="2026-02-24T03:27:44Z" user="Palewod" uid="23220906" lat="30.3260443" lon="120.0281161"/>
 <node id="13594365862" visible="true" version="1" changeset="178968966" timestamp="2026-02-24T03:27:44Z" user="Palewod" uid="23220906" lat="30.3254508" lon="120.0280251"/>
 <node id="13594365863" visible="true" version="1" changeset="178968966" timestamp="2026-02-24T03:27:44Z" user="Palewod" uid="23220906" lat="30.3247554" lon="120.0280145"/>
 <node id="13594365864" visible="true" version="1" changeset="178968966" timestamp="2026-02-24T03:27:44Z" user="Palewod" uid="23220906" lat="30.3239183" lon="120.0280486"/>
 <node id="13594365865" visible="true" version="1" changeset="178968966" timestamp="2026-02-24T03:27:44Z" user="Palewod" uid="23220906" lat="30.3222832" lon="120.0280788"/>
 <node id="13594365866" visible="true" version="1" changeset="178968966" timestamp="2026-02-24T03:27:44Z" user="Palewod" uid="23220906" lat="30.3213618" lon="120.0281110"/>
 <node id="13594365867" visible="true" version="1" changeset="178968966" timestamp="2026-02-24T03:27:44Z" user="Palewod" uid="23220906" lat="30.3208802" lon="120.0281217"/>
 <node id="13594365868" visible="true" version="1" changeset="178968966" timestamp="2026-02-24T03:27:44Z" user="Palewod" uid="23220906" lat="30.3205282" lon="120.0280949"/>
 <node id="13594365869" visible="true" version="1" changeset="178968966" timestamp="2026-02-24T03:27:44Z" user="Palewod" uid="23220906" lat="30.3199355" lon="120.0280359"/>
 <node id="13594365870" visible="true" version="1" changeset="178968966" timestamp="2026-02-24T03:27:44Z" user="Palewod" uid="23220906" lat="30.3187130" lon="120.0278321"/>
 <node id="13594369728" visible="true" version="1" changeset="178968872" timestamp="2026-02-24T03:21:21Z" user="Palewod" uid="23220906" lat="30.3270696" lon="120.0608201"/>
 <node id="13594369729" visible="true" version="1" changeset="178968872" timestamp="2026-02-24T03:21:21Z" user="Palewod" uid="23220906" lat="30.3265468" lon="120.0605355"/>
 <node id="13594369730" visible="true" version="2" changeset="178968966" timestamp="2026-02-24T03:27:44Z" user="Palewod" uid="23220906" lat="30.3259561" lon="120.0602509"/>
 <node id="13594369731" visible="true" version="2" changeset="178968966" timestamp="2026-02-24T03:27:44Z" user="Palewod" uid="23220906" lat="30.3247802" lon="120.0515640"/>
 <node id="13594369732" visible="true" version="2" changeset="178968966" timestamp="2026-02-24T03:27:44Z" user="Palewod" uid="23220906" lat="30.3264763" lon="120.0502031"/>
 <node id="13594369733" visible="true" version="2" changeset="178968966" timestamp="2026-02-24T03:27:44Z" user="Palewod" uid="23220906" lat="30.3238856" lon="120.0541259"/>
 <node id="13594369738" visible="true" version="2" changeset="178968966" timestamp="2026-02-24T03:27:44Z" user="Palewod" uid="23220906" lat="30.3244670" lon="120.0518673"/>
 <node id="13594369739" visible="true" version="2" changeset="178968966" timestamp="2026-02-24T03:27:44Z" user="Palewod" uid="23220906" lat="30.3240237" lon="120.0527146"/>
 <node id="13594369740" visible="true" version="2" changeset="178968966" timestamp="2026-02-24T03:27:44Z" user="Palewod" uid="23220906" lat="30.3238922" lon="120.0533788"/>
 <node id="13685425339" visible="true" version="1" changeset="180519936" timestamp="2026-03-27T20:10:32Z" user="rza31" uid="2137840" lat="30.3351423" lon="120.0695574"/>
 <node id="14208898371" visible="true" version="1" changeset="189439266" timestamp="2026-09-23T09:41:24Z" user="KnDOW" uid="24584477" lat="30.3267624" lon="120.0592844"/>
 <node id="14208898372" visible="true" version="1" changeset="189439266" timestamp="2026-09-23T09:41:24Z" user="KnDOW" uid="24584477" lat="30.3267187" lon="120.0595139"/>
 <node id="14208898373" visible="true" version="1" changeset="189439266" timestamp="2026-09-23T09:41:24Z" user="KnDOW" uid="24584477" lat="30.3263842" lon="120.0593827"/>
 <node id="14208898374" visible="true" version="1" changeset="189439266" timestamp="2026-09-23T09:41:24Z" user="KnDOW" uid="24584477" lat="30.3264331" lon="120.0591771"/>
 <node id="14208898375" visible="true" version="1" changeset="189439266" timestamp="2026-09-23T09:41:24Z" user="KnDOW" uid="24584477" lat="30.3264195" lon="120.0593966"/>
 <node id="14208898378" visible="true" version="2" changeset="189439792" timestamp="2026-09-23T09:51:24Z" user="KnDOW" uid="24584477" lat="30.3260030" lon="120.0601285"/>
 <node id="14208910132" visible="true" version="2" changeset="189448737" timestamp="2026-09-23T13:04:56Z" user="KnDOW" uid="24584477" lat="30.3271163" lon="120.0605521"/>
 <node id="14208910136" visible="true" version="2" changeset="189448737" timestamp="2026-09-23T13:04:56Z" user="KnDOW" uid="24584477" lat="30.3272550" lon="120.0610521"/>
 <node id="14208910137" visible="true" version="2" changeset="189448737" timestamp="2026-09-23T13:04:56Z" user="KnDOW" uid="24584477" lat="30.3260128" lon="120.0600885"/>
 <node id="14208910138" visible="true" version="1" changeset="189439726" timestamp="2026-09-23T09:50:08Z" user="KnDOW" uid="24584477" lat="30.3262698" lon="120.0601794"/>
 <node id="14208910139" visible="true" version="1" changeset="189439726" timestamp="2026-09-23T09:50:08Z" user="KnDOW" uid="24584477" lat="30.3265252" lon="120.0602863"/>
 <node id="14208910140" visible="true" version="1" changeset="189439726" timestamp="2026-09-23T09:50:08Z" user="KnDOW" uid="24584477" lat="30.3267612" lon="120.0604151"/>
 <node id="14208910141" visible="true" version="2" changeset="189448737" timestamp="2026-09-23T13:04:56Z" user="KnDOW" uid="24584477" lat="30.3270834" lon="120.0605948"/>
 <node id="14208910143" visible="true" version="2" changeset="189439853" timestamp="2026-09-23T09:52:36Z" user="KnDOW" uid="24584477" lat="30.3249857" lon="120.0598357">
  <tag k="highway" v="traffic_signals"/>
  <tag k="traffic_signals" v="signal"/>
 </node>
 <node id="14208910144" visible="true" version="2" changeset="189439853" timestamp="2026-09-23T09:52:36Z" user="KnDOW" uid="24584477" lat="30.3250337" lon="120.0601470">
  <tag k="highway" v="traffic_signals"/>
  <tag k="traffic_signals" v="signal"/>
 </node>
 <node id="14208910145" visible="true" version="1" changeset="189439726" timestamp="2026-09-23T09:50:08Z" user="KnDOW" uid="24584477" lat="30.3258785" lon="120.0600445"/>
 <node id="14208910146" visible="true" version="1" changeset="189439726" timestamp="2026-09-23T09:50:08Z" user="KnDOW" uid="24584477" lat="30.3256763" lon="120.0599842"/>
 <node id="14208910147" visible="true" version="1" changeset="189439726" timestamp="2026-09-23T09:50:08Z" user="KnDOW" uid="24584477" lat="30.3253784" lon="120.0599093"/>
 <node id="14208910148" visible="true" version="1" changeset="189439726" timestamp="2026-09-23T09:50:08Z" user="KnDOW" uid="24584477" lat="30.3251763" lon="120.0598659"/>
 <node id="14208910149" visible="true" version="1" changeset="189439726" timestamp="2026-09-23T09:50:08Z" user="KnDOW" uid="24584477" lat="30.3252043" lon="120.0601695"/>
 <node id="14208910150" visible="true" version="1" changeset="189439726" timestamp="2026-09-23T09:50:08Z" user="KnDOW" uid="24584477" lat="30.3254961" lon="120.0602407"/>
 <node id="14208910151" visible="true" version="1" changeset="189439726" timestamp="2026-09-23T09:50:08Z" user="KnDOW" uid="24584477" lat="30.3258494" lon="120.0603316"/>
 <node id="14208910152" visible="true" version="1" changeset="189439726" timestamp="2026-09-23T09:50:08Z" user="KnDOW" uid="24584477" lat="30.3260815" lon="120.0604226"/>
 <node id="14208910153" visible="true" version="1" changeset="189439726" timestamp="2026-09-23T09:50:08Z" user="KnDOW" uid="24584477" lat="30.3264774" lon="120.0605847"/>
 <node id="14208910154" visible="true" version="2" changeset="189448737" timestamp="2026-09-23T13:04:56Z" user="KnDOW" uid="24584477" lat="30.3269578" lon="120.0608380"/>
 <node id="14208910155" visible="true" version="1" changeset="189439726" timestamp="2026-09-23T09:50:08Z" user="KnDOW" uid="24584477" lat="30.3262820" lon="120.0604997"/>
 <node id="14209332979" visible="true" version="1" changeset="189448737" timestamp="2026-09-23T13:04:56Z" user="KnDOW" uid="24584477" lat="30.3263068" lon="120.0598223"/>
 <node id="14209332980" visible="true" version="1" changeset="189448737" timestamp="2026-09-23T13:04:56Z" user="KnDOW" uid="24584477" lat="30.3261096" lon="120.0597630"/>
 <node id="14209332981" visible="true" version="1" changeset="189448737" timestamp="2026-09-23T13:04:56Z" user="KnDOW" uid="24584477" lat="30.3270126" lon="120.0605553"/>
 <node id="14209332982" visible="true" version="1" changeset="189448737" timestamp="2026-09-23T13:04:56Z" user="KnDOW" uid="24584477" lat="30.3274451" lon="120.0608103"/>
 <way id="154084029" visible="true" version="12" changeset="177124345" timestamp="2026-01-12T07:13:37Z" user="Topiours" uid="21363326">
  <nd ref="1666814443"/>
  <nd ref="1666815361"/>
  <tag k="bridge" v="yes"/>
  <tag k="highway" v="secondary"/>
  <tag k="int_name" v="JinDu Road"/>
  <tag k="lanes" v="2"/>
  <tag k="layer" v="1"/>
  <tag k="name" v="池华街"/>
  <tag k="name:en" v="Chihua Street"/>
  <tag k="name:zh" v="池华街"/>
  <tag k="oneway" v="yes"/>
 </way>
 <way id="154084272" visible="true" version="10" changeset="177124345" timestamp="2026-01-12T07:13:37Z" user="Topiours" uid="21363326">
  <nd ref="1666817251"/>
  <nd ref="1666818323"/>
  <tag k="bridge" v="yes"/>
  <tag k="highway" v="secondary"/>
  <tag k="int_name" v="JinDu Road"/>
  <tag k="lanes" v="2"/>
  <tag k="layer" v="1"/>
  <tag k="name" v="池华街"/>
  <tag k="name:en" v="Chihua Street"/>
  <tag k="name:zh" v="池华街"/>
  <tag k="oneway" v="-1"/>
 </way>
 <way id="371356600" visible="true" version="8" changeset="150944597" timestamp="2024-05-06T02:38:40Z" user="快乐的老鼠宝宝" uid="9403945">
  <nd ref="3749298139"/>
  <nd ref="3749298092"/>
  <nd ref="3749296988"/>
  <nd ref="3749298131"/>
  <nd ref="3749298058"/>
  <nd ref="5671013285"/>
  <nd ref="3749298136"/>
  <nd ref="9441904789"/>
  <nd ref="3749298123"/>
  <nd ref="9441904788"/>
  <nd ref="3749296998"/>
  <nd ref="332344710"/>
  <nd ref="9431180287"/>
  <nd ref="9431180288"/>
  <nd ref="3749296987"/>
  <nd ref="3749298087"/>
  <nd ref="6608744970"/>
  <nd ref="3749297015"/>
  <nd ref="3749298036"/>
  <nd ref="3749298143"/>
  <nd ref="3749298119"/>
  <nd ref="3749297014"/>
  <nd ref="9434180264"/>
  <nd ref="3749298121"/>
  <nd ref="7764749538"/>
  <nd ref="3749296975"/>
  <nd ref="9434180216"/>
  <nd ref="11882698539"/>
  <nd ref="9434180217"/>
  <nd ref="9434180218"/>
  <nd ref="9434180219"/>
  <nd ref="9434180220"/>
  <nd ref="9434180221"/>
  <nd ref="9434180222"/>
  <nd ref="9434180223"/>
  <nd ref="9434180224"/>
  <nd ref="9434180225"/>
  <nd ref="9434180226"/>
  <nd ref="9434180227"/>
  <nd ref="9434180228"/>
  <nd ref="9434180229"/>
  <nd ref="5871747123"/>
  <tag k="waterway" v="stream"/>
 </way>
 <way id="371356601" visible="true" version="4" changeset="116493399" timestamp="2022-01-23T10:40:57Z" user="Dulvoyinn" uid="12664715">
  <nd ref="332344908"/>
  <nd ref="9441904809"/>
  <nd ref="9441904808"/>
  <nd ref="9441904807"/>
  <nd ref="9441904806"/>
  <nd ref="3749298088"/>
  <nd ref="3749298040"/>
  <nd ref="5671013284"/>
  <nd ref="3749298136"/>
  <tag k="waterway" v="stream"/>
 </way>
 <way id="519457904" visible="true" version="9" changeset="163338129" timestamp="2025-03-07T18:01:35Z" user="Herman Lee" uid="6921384">
  <nd ref="5065260851"/>
  <nd ref="6604499362"/>
  <nd ref="6604499361"/>
  <nd ref="5065260852"/>
  <nd ref="5065260853"/>
  <nd ref="5065260854"/>
  <nd ref="6604499358"/>
  <nd ref="5065260855"/>
  <nd ref="6604499357"/>
  <nd ref="5065260856"/>
  <nd ref="5065260857"/>
  <nd ref="9822805916"/>
  <nd ref="5065260858"/>
  <tag k="highway" v="secondary"/>
  <tag k="name" v="灯彩街"/>
  <tag k="oneway" v="yes"/>
 </way>
 <way id="588262373" visible="true" version="5" changeset="163338129" timestamp="2025-03-07T18:01:35Z" user="Herman Lee" uid="6921384">
  <nd ref="1666814436"/>
  <nd ref="1666814439"/>
  <nd ref="1666814441"/>
  <nd ref="12643869588"/>
  <nd ref="1666814435"/>
  <nd ref="6604535480"/>
  <nd ref="6604535479"/>
  <nd ref="1666814438"/>
  <nd ref="6604499346"/>
  <nd ref="6604499349"/>
  <nd ref="1666814434"/>
  <nd ref="5065260852"/>
  <nd ref="9724086975"/>
  <tag k="highway" v="secondary"/>
  <tag k="int_name" v="XiYuan Road"/>
  <tag k="lanes" v="2"/>
  <tag k="name" v="西园路"/>
  <tag k="oneway" v="yes"/>
 </way>
 <way id="588262375" visible="true" version="4" changeset="120688964" timestamp="2022-05-08T05:13:02Z" user="萧苏晏" uid="6088120">
  <nd ref="1666817244"/>
  <nd ref="1666817255"/>
  <nd ref="1666817256"/>
  <nd ref="1666817246"/>
  <nd ref="6604499342"/>
  <nd ref="6604499343"/>
  <nd ref="1666817257"/>
  <nd ref="6604499345"/>
  <nd ref="6604499344"/>
  <nd ref="1666817248"/>
  <nd ref="5065260853"/>
  <nd ref="9724086974"/>
  <tag k="highway" v="secondary"/>
  <tag k="int_name" v="XiYuan Road"/>
  <tag k="lanes" v="2"/>
  <tag k="name" v="西园路"/>
  <tag k="oneway" v="-1"/>
 </way>
 <way id="594797079" visible="true" version="1" changeset="59619341" timestamp="2018-06-07T03:24:58Z" user="方恨少" uid="6161085">
  <nd ref="5671012502"/>
  <nd ref="5671012503"/>
  <nd ref="5671012504"/>
  <nd ref="5671012505"/>
  <nd ref="5671012506"/>
  <nd ref="5671012507"/>
  <nd ref="5671012508"/>
  <nd ref="5671012509"/>
  <tag k="highway" v="service"/>
  <tag k="oneway" v="yes"/>
 </way>
 <way id="594797082" visible="true" version="6" changeset="163424573" timestamp="2025-03-10T03:56:03Z" user="Herman Lee" uid="6921384">
  <nd ref="3547388249"/>
  <nd ref="7048129259"/>
  <nd ref="9956033463"/>
  <nd ref="7048129274"/>
  <tag k="highway" v="tertiary"/>
  <tag k="name" v="墩余路"/>
  <tag k="oneway" v="yes"/>
 </way>
 <way id="594797084" visible="true" version="1" changeset="59619341" timestamp="2018-06-07T03:24:58Z" user="方恨少" uid="6161085">
  <nd ref="5671012511"/>
  <nd ref="5671012512"/>
  <nd ref="5671012513"/>
  <nd ref="5671012514"/>
  <nd ref="5671012515"/>
  <nd ref="5671012516"/>
  <nd ref="5671012517"/>
  <nd ref="5671012518"/>
  <nd ref="5671012519"/>
  <nd ref="5671012520"/>
  <nd ref="5671013121"/>
  <nd ref="5671013122"/>
  <nd ref="5671013123"/>
  <nd ref="5671013124"/>
  <nd ref="5671013125"/>
  <nd ref="5671013126"/>
  <nd ref="5671013127"/>
  <nd ref="5671013128"/>
  <nd ref="5671013129"/>
  <nd ref="5671013130"/>
  <nd ref="5671013131"/>
  <nd ref="5671013132"/>
  <nd ref="5671013133"/>
  <nd ref="5671013134"/>
  <nd ref="5671013135"/>
  <nd ref="5671013136"/>
  <nd ref="5671012511"/>
  <tag k="landuse" v="industrial"/>
  <tag k="name" v="青蓝科创园"/>
 </way>
 <way id="594797085" visible="true" version="1" changeset="59619341" timestamp="2018-06-07T03:24:59Z" user="方恨少" uid="6161085">
  <nd ref="5671013137"/>
  <nd ref="5671013138"/>
  <nd ref="5671013139"/>
  <nd ref="5671013140"/>
  <nd ref="5671013141"/>
  <nd ref="5671013142"/>
  <nd ref="5671013143"/>
  <nd ref="5671013144"/>
  <nd ref="5671013145"/>
  <nd ref="5671013146"/>
  <nd ref="5671013147"/>
  <nd ref="5671013148"/>
  <nd ref="5671013149"/>
  <nd ref="5671013137"/>
  <tag k="landuse" v="industrial"/>
  <tag k="name" v="尚坤·生态创意园"/>
 </way>
 <way id="594797086" visible="true" version="1" changeset="59619341" timestamp="2018-06-07T03:24:59Z" user="方恨少" uid="6161085">
  <nd ref="5671013128"/>
  <nd ref="5671013150"/>
  <nd ref="5671013151"/>
  <nd ref="5671013152"/>
  <nd ref="5671013134"/>
  <nd ref="5671013133"/>
  <nd ref="5671013132"/>
  <nd ref="5671013131"/>
  <nd ref="5671013130"/>
  <nd ref="5671013129"/>
  <nd ref="5671013128"/>
  <tag k="landuse" v="commercial"/>
  <tag k="name" v="博科大厦"/>
 </way>
 <way id="594797087" visible="true" version="2" changeset="116298736" timestamp="2022-01-18T13:14:52Z" user="BJMTR" uid="13793923">
  <nd ref="5671013153"/>
  <nd ref="5671013154"/>
  <nd ref="5671013155"/>
  <nd ref="5671013156"/>
  <nd ref="9428276466"/>
  <nd ref="5671013157"/>
  <nd ref="5671013158"/>
  <nd ref="5671013159"/>
  <nd ref="5671013160"/>
  <nd ref="5671013161"/>
  <nd ref="5671013153"/>
  <tag k="amenity" v="parking"/>
 </way>
 <way id="594797091" visible="true" version="1" changeset="59619341" timestamp="2018-06-07T03:24:59Z" user="方恨少" uid="6161085">
  <nd ref="5671013264"/>
  <nd ref="5671013265"/>
  <nd ref="5671013266"/>
  <nd ref="5671013267"/>
  <nd ref="5671013268"/>
  <nd ref="5671013269"/>
  <nd ref="5671013270"/>
  <nd ref="5671013271"/>
  <nd ref="5671013272"/>
  <nd ref="5671013273"/>
  <nd ref="5671013274"/>
  <nd ref="5671013275"/>
  <nd ref="5671013276"/>
  <nd ref="5671013277"/>
  <nd ref="5671013278"/>
  <nd ref="5671013279"/>
  <nd ref="5671013280"/>
  <nd ref="5671013281"/>
  <nd ref="5671013282"/>
  <nd ref="5671013283"/>
  <nd ref="5671013264"/>
  <tag k="landuse" v="residential"/>
  <tag k="name" v="中海紫藤苑"/>
 </way>
 <way id="703277020" visible="true" version="4" changeset="170814640" timestamp="2025-08-22T07:34:39Z" user="LokingY" uid="17584918">
  <nd ref="5065260878"/>
  <nd ref="9822805915"/>
  <nd ref="13088713841"/>
  <nd ref="5065260877"/>
  <nd ref="9822850617"/>
  <nd ref="3547388247"/>
  <nd ref="6604499356"/>
  <nd ref="1666831291"/>
  <nd ref="6604499350"/>
  <nd ref="3547388246"/>
  <nd ref="1666817248"/>
  <nd ref="1666814434"/>
  <nd ref="6604499363"/>
  <nd ref="6604499364"/>
  <nd ref="1666831324"/>
  <nd ref="9063471003"/>
  <tag k="highway" v="secondary"/>
  <tag k="name" v="灯彩街"/>
  <tag k="oneway" v="yes"/>
 </way>
 <way id="703283976" visible="true" version="1" changeset="72122329" timestamp="2019-07-11T07:44:13Z" user="方恨少" uid="6161085">
  <nd ref="6604535481"/>
  <nd ref="6604535482"/>
  <nd ref="6604535483"/>
  <nd ref="6604535484"/>
  <nd ref="6604557185"/>
  <nd ref="6604557186"/>
  <nd ref="6604557187"/>
  <nd ref="6604557188"/>
  <nd ref="6604557189"/>
  <nd ref="6604557190"/>
  <nd ref="6604557191"/>
  <nd ref="6604557192"/>
  <nd ref="6604557193"/>
  <nd ref="6604557194"/>
  <nd ref="6604557195"/>
  <nd ref="6604557196"/>
  <nd ref="6604557197"/>
  <nd ref="6604535481"/>
  <tag k="landuse" v="industrial"/>
  <tag k="name" v="五联经济合作社工业园"/>
 </way>
 <way id="703283979" visible="true" version="1" changeset="72122329" timestamp="2019-07-11T07:44:13Z" user="方恨少" uid="6161085">
  <nd ref="6604535483"/>
  <nd ref="6604557201"/>
  <nd ref="6604535481"/>
  <nd ref="6604535482"/>
  <nd ref="6604535483"/>
  <tag k="landuse" v="industrial"/>
  <tag k="name" v="晶飞科技"/>
 </way>
 <way id="754442465" visible="true" version="2" changeset="105487099" timestamp="2021-05-28T11:17:46Z" user="方恨少" uid="6161085">
  <nd ref="7048129262"/>
  <nd ref="5671012502"/>
  <nd ref="7048129260"/>
  <nd ref="8776343996"/>
  <nd ref="8776343995"/>
  <nd ref="7048129261"/>
  <tag k="highway" v="tertiary"/>
  <tag k="name" v="墩余路"/>
  <tag k="oneway" v="yes"/>
 </way>
 <way id="754442466" visible="true" version="2" changeset="105487099" timestamp="2021-05-28T11:17:46Z" user="方恨少" uid="6161085">
  <nd ref="8776343999"/>
  <nd ref="8776343993"/>
  <nd ref="8776343994"/>
  <nd ref="7048129263"/>
  <nd ref="7048129266"/>
  <tag k="bridge" v="yes"/>
  <tag k="highway" v="secondary"/>
  <tag k="layer" v="1"/>
  <tag k="name" v="墩余路"/>
  <tag k="oneway" v="yes"/>
 </way>
 <way id="754442467" visible="true" version="3" changeset="124950291" timestamp="2022-08-16T02:43:24Z" user="萧苏晏" uid="6088120">
  <nd ref="7048129269"/>
  <nd ref="7048129271"/>
  <nd ref="8776343989"/>
  <nd ref="9956033462"/>
  <nd ref="8776343998"/>
  <tag k="bridge" v="yes"/>
  <tag k="highway" v="secondary"/>
  <tag k="layer" v="1"/>
  <tag k="name" v="墩余路"/>
  <tag k="oneway" v="yes"/>
 </way>
 <way id="754442468" visible="true" version="3" changeset="177124345" timestamp="2026-01-12T07:13:37Z" user="Topiours" uid="21363326">
  <nd ref="1666818323"/>
  <nd ref="5671013163"/>
  <nd ref="5671013162"/>
  <nd ref="1666818317"/>
  <tag k="highway" v="secondary"/>
  <tag k="int_name" v="JinDu Road"/>
  <tag k="lanes" v="2"/>
  <tag k="name" v="池华街"/>
  <tag k="name:en" v="Chihua Street"/>
  <tag k="name:zh" v="池华街"/>
  <tag k="oneway" v="-1"/>
 </way>
 <way id="754442469" visible="true" version="2" changeset="177124345" timestamp="2026-01-12T07:13:37Z" user="Topiours" uid="21363326">
  <nd ref="1666815361"/>
  <nd ref="5671013164"/>
  <nd ref="5671013165"/>
  <nd ref="1666815360"/>
  <nd ref="7048129278"/>
  <tag k="highway" v="secondary"/>
  <tag k="int_name" v="JinDu Road"/>
  <tag k="lanes" v="2"/>
  <tag k="name" v="池华街"/>
  <tag k="name:en" v="Chihua Street"/>
  <tag k="name:zh" v="池华街"/>
  <tag k="oneway" v="yes"/>
 </way>
 <way id="948132658" visible="true" version="2" changeset="124950291" timestamp="2022-08-16T02:43:24Z" user="萧苏晏" uid="6088120">
  <nd ref="8776343998"/>
  <nd ref="8776343997"/>
  <nd ref="7048129274"/>
  <tag k="highway" v="secondary"/>
  <tag k="name" v="墩余路"/>
  <tag k="oneway" v="yes"/>
 </way>
 <way id="948132659" visible="true" version="2" changeset="124950291" timestamp="2022-08-16T02:43:24Z" user="萧苏晏" uid="6088120">
  <nd ref="7048129262"/>
  <nd ref="7048129267"/>
  <nd ref="8776343999"/>
  <tag k="highway" v="secondary"/>
  <tag k="name" v="墩余路"/>
  <tag k="oneway" v="yes"/>
 </way>
 <way id="948132660" visible="true" version="3" changeset="163351268" timestamp="2025-03-08T06:13:57Z" user="Herman Lee" uid="6921384">
  <nd ref="9724086982"/>
  <nd ref="9724086981"/>
  <tag k="highway" v="secondary"/>
  <tag k="name" v="墩余路"/>
  <tag k="oneway" v="yes"/>
 </way>
 <way id="1023910238" visible="true" version="1" changeset="116493399" timestamp="2022-01-23T10:40:57Z" user="Dulvoyinn" uid="12664715">
  <nd ref="9441904832"/>
  <nd ref="9441904833"/>
  <nd ref="9441904834"/>
  <nd ref="9441904835"/>
  <nd ref="9441904836"/>
  <nd ref="9441904837"/>
  <nd ref="9441904838"/>
  <nd ref="9441904839"/>
  <nd ref="9441904840"/>
  <nd ref="9441904841"/>
  <nd ref="9441904842"/>
  <nd ref="9441904843"/>
  <nd ref="9441904844"/>
  <nd ref="9441904845"/>
  <nd ref="9441904846"/>
  <nd ref="9441904847"/>
  <nd ref="9441904848"/>
  <nd ref="9441904849"/>
  <nd ref="9441904850"/>
  <nd ref="9441904851"/>
  <nd ref="9441904852"/>
  <nd ref="9441904853"/>
  <nd ref="9441904854"/>
  <nd ref="9441904855"/>
  <nd ref="9441904856"/>
  <nd ref="9441904857"/>
  <nd ref="9441904858"/>
  <nd ref="9441904859"/>
  <nd ref="9441904860"/>
  <nd ref="9441904861"/>
  <nd ref="9441904862"/>
  <nd ref="9441904863"/>
  <nd ref="9441904864"/>
  <nd ref="9441904865"/>
  <nd ref="9441904866"/>
  <nd ref="9441904867"/>
  <nd ref="9441904868"/>
  <nd ref="9441904869"/>
  <nd ref="9441904870"/>
  <nd ref="9441904871"/>
  <nd ref="9441904872"/>
  <nd ref="9441904873"/>
  <nd ref="9441904874"/>
  <nd ref="9441904875"/>
  <nd ref="9441904876"/>
  <nd ref="9441904877"/>
  <nd ref="9441904878"/>
  <nd ref="9441904879"/>
  <nd ref="9441904880"/>
  <nd ref="9441904881"/>
  <nd ref="9441904952"/>
  <nd ref="9441904953"/>
  <nd ref="9441904954"/>
  <nd ref="9441904955"/>
  <nd ref="9441904956"/>
  <nd ref="9441904957"/>
  <nd ref="9441904958"/>
  <nd ref="9441904959"/>
  <nd ref="9441904960"/>
  <nd ref="9441904961"/>
  <nd ref="9441904962"/>
  <nd ref="9441904963"/>
  <nd ref="9441904964"/>
  <nd ref="9441904965"/>
  <nd ref="9441904966"/>
  <nd ref="9441904967"/>
  <nd ref="9441904968"/>
  <nd ref="9441904969"/>
  <nd ref="9441904970"/>
  <nd ref="9441904971"/>
  <nd ref="9441904972"/>
  <nd ref="9441904973"/>
  <nd ref="9441904974"/>
  <nd ref="9441904975"/>
  <nd ref="9441904976"/>
  <nd ref="9441904977"/>
  <nd ref="9441904978"/>
  <nd ref="9441904979"/>
  <nd ref="9441904980"/>
  <nd ref="9441904981"/>
  <nd ref="9441904982"/>
  <nd ref="9441904983"/>
  <nd ref="9441904984"/>
  <nd ref="9441904882"/>
  <nd ref="9441904883"/>
  <nd ref="9441904884"/>
  <nd ref="9441904885"/>
  <nd ref="9441904886"/>
  <nd ref="9441904887"/>
  <nd ref="9441904888"/>
  <nd ref="9441904889"/>
  <nd ref="9441904890"/>
  <nd ref="9441904891"/>
  <nd ref="9441904892"/>
  <nd ref="9441904893"/>
  <nd ref="9441904894"/>
  <nd ref="9441904895"/>
  <nd ref="9441904896"/>
  <nd ref="9441904897"/>
  <nd ref="9441904898"/>
  <nd ref="9441904899"/>
  <nd ref="9441904900"/>
  <nd ref="9441904901"/>
  <nd ref="9441904902"/>
  <nd ref="9441904903"/>
  <nd ref="9441904904"/>
  <nd ref="9441904905"/>
  <nd ref="9441904906"/>
  <nd ref="9441904907"/>
  <nd ref="9441904908"/>
  <nd ref="9441904909"/>
  <nd ref="9441904910"/>
  <nd ref="9441904911"/>
  <nd ref="9441904912"/>
  <nd ref="9441904913"/>
  <nd ref="9441904914"/>
  <nd ref="9441904915"/>
  <nd ref="9441904916"/>
  <nd ref="9441904917"/>
  <nd ref="9441904918"/>
  <nd ref="9441904919"/>
  <nd ref="9441904920"/>
  <nd ref="9441904921"/>
  <nd ref="9441904922"/>
  <nd ref="9441904923"/>
  <nd ref="9441904924"/>
  <nd ref="9441904925"/>
  <nd ref="9441904926"/>
  <nd ref="9441904927"/>
  <nd ref="9441904928"/>
  <nd ref="9441904929"/>
  <nd ref="9441904930"/>
  <nd ref="9441904931"/>
  <nd ref="9441904932"/>
  <nd ref="9441904933"/>
  <nd ref="9441904934"/>
  <nd ref="9441904935"/>
  <nd ref="9441904936"/>
  <nd ref="9441904937"/>
  <nd ref="9441904938"/>
  <nd ref="9441904939"/>
  <nd ref="9441904940"/>
  <nd ref="9441904941"/>
  <nd ref="9441904942"/>
  <nd ref="9441904943"/>
  <nd ref="9441904944"/>
  <nd ref="9441904945"/>
  <nd ref="9441904946"/>
  <nd ref="9441904947"/>
  <nd ref="9441904948"/>
  <nd ref="9441904949"/>
  <nd ref="9441904950"/>
  <nd ref="9441904951"/>
  <nd ref="5671013208"/>
  <nd ref="5671013207"/>
  <nd ref="9441904770"/>
  <nd ref="9441904771"/>
  <nd ref="9441904772"/>
  <nd ref="9441904773"/>
  <nd ref="9441904774"/>
  <nd ref="9441904775"/>
  <nd ref="9441904776"/>
  <nd ref="9441904777"/>
  <nd ref="9441904778"/>
  <nd ref="9441904779"/>
  <nd ref="9441904780"/>
  <nd ref="9441904781"/>
  <nd ref="9441904782"/>
  <nd ref="9441904783"/>
  <nd ref="9441904784"/>
  <nd ref="9441904785"/>
  <nd ref="9434180327"/>
  <nd ref="9434180326"/>
  <nd ref="9441904786"/>
  <nd ref="9441904787"/>
  <nd ref="9441904790"/>
  <nd ref="9441904791"/>
  <nd ref="9441904792"/>
  <nd ref="9441904793"/>
  <nd ref="9441904794"/>
  <nd ref="9441904795"/>
  <nd ref="9441904796"/>
  <nd ref="9441904797"/>
  <nd ref="9441904798"/>
  <nd ref="9441904799"/>
  <nd ref="9441904800"/>
  <nd ref="9441904801"/>
  <nd ref="9441904802"/>
  <nd ref="9441904803"/>
  <nd ref="9441904804"/>
  <nd ref="9441904805"/>
  <nd ref="9441904810"/>
  <nd ref="9441904811"/>
  <nd ref="9441904812"/>
  <nd ref="9441904813"/>
  <nd ref="9441904814"/>
  <nd ref="9441904815"/>
  <nd ref="9441904816"/>
  <nd ref="9441904817"/>
  <nd ref="9441904818"/>
  <nd ref="9441904819"/>
  <nd ref="9441904820"/>
  <nd ref="9441904821"/>
  <nd ref="9441904822"/>
  <nd ref="9441904823"/>
  <nd ref="9441904824"/>
  <nd ref="9441904825"/>
  <nd ref="9441904826"/>
  <nd ref="9441904827"/>
  <nd ref="9441904828"/>
  <nd ref="9441904829"/>
  <nd ref="9441904830"/>
  <nd ref="9441904831"/>
  <nd ref="9441904832"/>
  <tag k="natural" v="water"/>
  <tag k="water" v="river"/>
 </way>
 <way id="1023925179" visible="true" version="2" changeset="180519936" timestamp="2026-03-27T20:10:32Z" user="rza31" uid="2137840">
  <nd ref="5671013207"/>
  <nd ref="9441965103"/>
  <nd ref="9441965104"/>
  <nd ref="9441965105"/>
  <nd ref="9441965106"/>
  <nd ref="9441965107"/>
  <nd ref="9441965108"/>
  <nd ref="9441965109"/>
  <nd ref="9441965110"/>
  <nd ref="9441965111"/>
  <nd ref="9441965112"/>
  <nd ref="9441965113"/>
  <nd ref="9441965114"/>
  <nd ref="9441965115"/>
  <nd ref="9441965116"/>
  <nd ref="9442049617"/>
  <nd ref="9442049618"/>
  <nd ref="9442049619"/>
  <nd ref="9442049620"/>
  <nd ref="9442049621"/>
  <nd ref="9442049622"/>
  <nd ref="9442049623"/>
  <nd ref="9442049624"/>
  <nd ref="9442049625"/>
  <nd ref="9442049626"/>
  <nd ref="9442049627"/>
  <nd ref="9442049628"/>
  <nd ref="9442049629"/>
  <nd ref="9442049630"/>
  <nd ref="9442049631"/>
  <nd ref="9442049632"/>
  <nd ref="9442049633"/>
  <nd ref="9442049634"/>
  <nd ref="9442049635"/>
  <nd ref="9442049636"/>
  <nd ref="9442049637"/>
  <nd ref="9442049638"/>
  <nd ref="9442049639"/>
  <nd ref="5671013182"/>
  <nd ref="5671013251"/>
  <nd ref="9442049640"/>
  <nd ref="9442049641"/>
  <nd ref="9442049642"/>
  <nd ref="9442049643"/>
  <nd ref="9442049644"/>
  <nd ref="9442049645"/>
  <nd ref="9442049646"/>
  <nd ref="9442049647"/>
  <nd ref="9442049648"/>
  <nd ref="9442049649"/>
  <nd ref="9442049650"/>
  <nd ref="9442049651"/>
  <nd ref="9442049652"/>
  <nd ref="9442049653"/>
  <nd ref="9442049654"/>
  <nd ref="9442049655"/>
  <nd ref="9442049656"/>
  <nd ref="9442049657"/>
  <nd ref="9442049658"/>
  <nd ref="9442049659"/>
  <nd ref="9442049660"/>
  <nd ref="9442049661"/>
  <nd ref="9442049662"/>
  <nd ref="9442049663"/>
  <nd ref="9442049664"/>
  <nd ref="9442049665"/>
  <nd ref="9442049666"/>
  <nd ref="9442049667"/>
  <nd ref="9442049668"/>
  <nd ref="9442049669"/>
  <nd ref="9442049670"/>
  <nd ref="9442049671"/>
  <nd ref="9442049672"/>
  <nd ref="9442049673"/>
  <nd ref="9442049674"/>
  <nd ref="9442049675"/>
  <nd ref="9442049676"/>
  <nd ref="9442049677"/>
  <nd ref="9442049678"/>
  <nd ref="9442049679"/>
  <nd ref="9442049680"/>
  <nd ref="9442049681"/>
  <nd ref="9442049682"/>
  <nd ref="9442049683"/>
  <nd ref="9442049684"/>
  <nd ref="9442049685"/>
  <nd ref="9442049686"/>
  <nd ref="9442049687"/>
  <nd ref="9442049688"/>
  <nd ref="9442049689"/>
  <nd ref="9442049690"/>
  <nd ref="9442049691"/>
  <nd ref="9442049692"/>
  <nd ref="9442049693"/>
  <nd ref="9442049694"/>
  <nd ref="9442049695"/>
  <nd ref="9442049696"/>
  <nd ref="9442049697"/>
  <nd ref="9442049698"/>
  <nd ref="9442049699"/>
  <nd ref="9442049700"/>
  <nd ref="9442049701"/>
  <nd ref="9442049702"/>
  <nd ref="9442049705"/>
  <nd ref="9442049706"/>
  <nd ref="9442049707"/>
  <nd ref="9442049708"/>
  <nd ref="9442049709"/>
  <nd ref="9442049710"/>
  <nd ref="9442049711"/>
  <nd ref="9442049712"/>
  <nd ref="9442049713"/>
  <nd ref="9442049714"/>
  <nd ref="9442049715"/>
  <nd ref="9442049716"/>
  <nd ref="9442049717"/>
  <nd ref="9442049718"/>
  <nd ref="9442049719"/>
  <nd ref="9442049720"/>
  <nd ref="9442049721"/>
  <nd ref="9442049722"/>
  <nd ref="9442049723"/>
  <nd ref="9442049724"/>
  <nd ref="9442049725"/>
  <nd ref="9442049726"/>
  <nd ref="9442049727"/>
  <nd ref="9442049728"/>
  <nd ref="9442049729"/>
  <nd ref="9442049730"/>
  <nd ref="9442049731"/>
  <nd ref="9442049732"/>
  <nd ref="9442049733"/>
  <nd ref="9442049734"/>
  <nd ref="9442049735"/>
  <nd ref="9442049736"/>
  <nd ref="9442049737"/>
  <nd ref="9442049738"/>
  <nd ref="9442049739"/>
  <nd ref="9442049740"/>
  <nd ref="9442049741"/>
  <nd ref="9442049742"/>
  <nd ref="9442049743"/>
  <nd ref="6317764073"/>
  <nd ref="6317764072"/>
  <nd ref="9442049744"/>
  <nd ref="9442049745"/>
  <nd ref="9442049746"/>
  <nd ref="9442049747"/>
  <nd ref="9442049748"/>
  <nd ref="9442049749"/>
  <nd ref="9442049750"/>
  <nd ref="9442049751"/>
  <nd ref="9442049752"/>
  <nd ref="9442049753"/>
  <nd ref="9442049754"/>
  <nd ref="9442049755"/>
  <nd ref="9442049756"/>
  <nd ref="9442049757"/>
  <nd ref="9442049758"/>
  <nd ref="9442049759"/>
  <nd ref="9442049760"/>
  <nd ref="9442049761"/>
  <nd ref="9442049762"/>
  <nd ref="9442049763"/>
  <nd ref="9442049764"/>
  <nd ref="9442049765"/>
  <nd ref="9442049766"/>
  <nd ref="9442049767"/>
  <nd ref="9442049768"/>
  <nd ref="9442049769"/>
  <nd ref="9442049770"/>
  <nd ref="9442049771"/>
  <nd ref="9442049772"/>
  <nd ref="9442049773"/>
  <nd ref="9442049774"/>
  <nd ref="6117636805"/>
  <nd ref="9442049775"/>
  <nd ref="9442049776"/>
  <nd ref="9442049777"/>
  <nd ref="9442049778"/>
  <nd ref="9442049779"/>
  <nd ref="9442049780"/>
  <nd ref="9442049781"/>
  <nd ref="9442049782"/>
  <nd ref="9442049783"/>
  <nd ref="9442049784"/>
  <nd ref="9442049785"/>
  <nd ref="9442049786"/>
  <nd ref="9442049787"/>
  <nd ref="9442049788"/>
  <nd ref="9442049789"/>
  <nd ref="9442049790"/>
  <nd ref="9442049791"/>
  <nd ref="9442049792"/>
  <nd ref="9442049793"/>
  <nd ref="9442049794"/>
  <nd ref="9442049795"/>
  <nd ref="9442049796"/>
  <nd ref="9442049797"/>
  <nd ref="9442049798"/>
  <nd ref="9442049799"/>
  <nd ref="9442049800"/>
  <nd ref="9442049801"/>
  <nd ref="9442049802"/>
  <nd ref="9442049803"/>
  <nd ref="9442049804"/>
  <nd ref="9442049805"/>
  <nd ref="9442049806"/>
  <nd ref="9442049807"/>
  <nd ref="9442049808"/>
  <nd ref="9442049809"/>
  <nd ref="9442049810"/>
  <nd ref="9442049811"/>
  <nd ref="9442049812"/>
  <nd ref="9442049813"/>
  <nd ref="9442049814"/>
  <nd ref="9442049815"/>
  <nd ref="9442049816"/>
  <nd ref="9442049817"/>
  <nd ref="9442049818"/>
  <nd ref="9442049819"/>
  <nd ref="9442049820"/>
  <nd ref="9442049821"/>
  <nd ref="9442049822"/>
  <nd ref="9442049823"/>
  <nd ref="9442049824"/>
  <nd ref="9442049825"/>
  <nd ref="9442049826"/>
  <nd ref="9442049827"/>
  <nd ref="9442049828"/>
  <nd ref="9442049829"/>
  <nd ref="9442049830"/>
  <nd ref="9442049831"/>
  <nd ref="9442049832"/>
  <nd ref="9442049833"/>
  <nd ref="9442049834"/>
  <nd ref="9442049835"/>
  <nd ref="9442049836"/>
  <nd ref="9442049837"/>
  <nd ref="9442049838"/>
  <nd ref="9442049839"/>
  <nd ref="9442049840"/>
  <nd ref="9442049841"/>
  <nd ref="9442049842"/>
  <nd ref="9442049843"/>
  <nd ref="9442049844"/>
  <nd ref="9442049845"/>
  <nd ref="9442049846"/>
  <nd ref="9442049847"/>
  <nd ref="9442049848"/>
  <nd ref="9442049849"/>
  <nd ref="9442049850"/>
  <nd ref="9442049851"/>
  <nd ref="9442049852"/>
  <nd ref="9442049853"/>
  <nd ref="9442049854"/>
  <nd ref="9442049855"/>
  <nd ref="9442049856"/>
  <nd ref="9442049857"/>
  <nd ref="9442049858"/>
  <nd ref="9442049859"/>
  <nd ref="7819876367"/>
  <nd ref="13685425339"/>
  <nd ref="9442049860"/>
  <nd ref="9442049861"/>
  <nd ref="9442049862"/>
  <nd ref="9442049863"/>
  <nd ref="9442049864"/>
  <nd ref="9442049865"/>
  <nd ref="9442049866"/>
  <nd ref="9442049867"/>
  <nd ref="9442049868"/>
  <nd ref="9442049869"/>
  <nd ref="9442049870"/>
  <nd ref="9442049871"/>
  <nd ref="9442049872"/>
  <nd ref="9442049873"/>
  <nd ref="9442049874"/>
  <nd ref="9442049875"/>
  <nd ref="9442049876"/>
  <nd ref="9442049877"/>
  <nd ref="9442049878"/>
  <nd ref="9442049879"/>
  <nd ref="9442049880"/>
  <nd ref="9442049881"/>
  <nd ref="9442049882"/>
  <nd ref="9442049883"/>
  <nd ref="9442049884"/>
  <nd ref="9442049885"/>
  <nd ref="9442049886"/>
  <nd ref="9442049887"/>
  <nd ref="9442049888"/>
  <nd ref="9442049889"/>
  <nd ref="9442049890"/>
  <nd ref="9442049891"/>
  <nd ref="9442049892"/>
  <nd ref="9442049893"/>
  <nd ref="9442049894"/>
  <nd ref="9442049895"/>
  <nd ref="9442049896"/>
  <nd ref="9442049897"/>
  <nd ref="9442049898"/>
  <nd ref="9442049899"/>
  <nd ref="9442049900"/>
  <nd ref="9442049901"/>
  <nd ref="9442049902"/>
  <nd ref="9442049903"/>
  <nd ref="9442049904"/>
  <nd ref="9442049905"/>
  <nd ref="9442049906"/>
  <nd ref="9442049907"/>
  <nd ref="9442049908"/>
  <nd ref="9442049909"/>
  <nd ref="9442049910"/>
  <nd ref="9442049911"/>
  <nd ref="9442049912"/>
  <nd ref="9442049913"/>
  <nd ref="9442049914"/>
  <nd ref="9442049915"/>
  <nd ref="9442049916"/>
  <nd ref="9442049917"/>
  <nd ref="9442049918"/>
  <nd ref="9442049919"/>
  <nd ref="9442049920"/>
  <nd ref="9442049921"/>
  <nd ref="9441926998"/>
  <nd ref="9441926997"/>
  <nd ref="9442049922"/>
  <nd ref="9442049923"/>
  <nd ref="9442049924"/>
  <nd ref="9442049925"/>
  <nd ref="9442049926"/>
  <nd ref="9442049927"/>
  <nd ref="9442049928"/>
  <nd ref="9442049929"/>
  <nd ref="9442049930"/>
  <nd ref="9442049931"/>
  <nd ref="5671013208"/>
  <nd ref="5671013207"/>
  <tag k="natural" v="water"/>
  <tag k="water" v="river"/>
 </way>
 <way id="1058245003" visible="true" version="1" changeset="120688964" timestamp="2022-05-08T05:13:02Z" user="萧苏晏" uid="6088120">
  <nd ref="9724086982"/>
  <nd ref="1666831883"/>
  <nd ref="9724086973"/>
  <tag k="highway" v="tertiary"/>
  <tag k="name" v="西园二路"/>
 </way>
 <way id="1058245005" visible="true" version="5" changeset="189439792" timestamp="2026-09-23T09:51:24Z" user="KnDOW" uid="24584477">
  <nd ref="6604499359"/>
  <nd ref="6604499366"/>
  <nd ref="14208898378"/>
  <tag k="highway" v="secondary"/>
  <tag k="int_name" v="XiYuan Road"/>
  <tag k="lanes" v="2"/>
  <tag k="name" v="西园路"/>
  <tag k="oneway" v="-1"/>
 </way>
 <way id="1058245006" visible="true" version="1" changeset="120688964" timestamp="2022-05-08T05:13:02Z" user="萧苏晏" uid="6088120">
  <nd ref="9724086974"/>
  <nd ref="6604499359"/>
  <tag k="bridge" v="yes"/>
  <tag k="highway" v="secondary"/>
  <tag k="int_name" v="XiYuan Road"/>
  <tag k="lanes" v="2"/>
  <tag k="layer" v="1"/>
  <tag k="name" v="西园路"/>
  <tag k="oneway" v="-1"/>
 </way>
 <way id="1058245007" visible="true" version="3" changeset="163424573" timestamp="2025-03-10T03:56:03Z" user="Herman Lee" uid="6921384">
  <nd ref="6604499360"/>
  <nd ref="6604499368"/>
  <nd ref="1666814444"/>
  <nd ref="6604499369"/>
  <nd ref="9956033464"/>
  <nd ref="9724086982"/>
  <tag k="highway" v="secondary"/>
  <tag k="int_name" v="XiYuan Road"/>
  <tag k="lanes" v="2"/>
  <tag k="name" v="西园路"/>
  <tag k="oneway" v="yes"/>
 </way>
 <way id="1058245008" visible="true" version="1" changeset="120688964" timestamp="2022-05-08T05:13:02Z" user="萧苏晏" uid="6088120">
  <nd ref="9724086975"/>
  <nd ref="6604499360"/>
  <tag k="bridge" v="yes"/>
  <tag k="highway" v="secondary"/>
  <tag k="int_name" v="XiYuan Road"/>
  <tag k="lanes" v="2"/>
  <tag k="layer" v="1"/>
  <tag k="name" v="西园路"/>
  <tag k="oneway" v="yes"/>
 </way>
 <way id="1365463764" visible="true" version="1" changeset="163351268" timestamp="2025-03-08T06:13:57Z" user="Herman Lee" uid="6921384">
  <nd ref="9724086981"/>
  <nd ref="7048129262"/>
  <tag k="highway" v="secondary"/>
  <tag k="name" v="墩余路"/>
  <tag k="oneway" v="yes"/>
 </way>
 <way id="1365463765" visible="true" version="2" changeset="177124345" timestamp="2026-01-12T07:13:37Z" user="Topiours" uid="21363326">
  <nd ref="9724086981"/>
  <nd ref="1666817251"/>
  <tag k="highway" v="secondary"/>
  <tag k="int_name" v="XiYuan Road"/>
  <tag k="lanes" v="2"/>
  <tag k="name" v="池华街"/>
  <tag k="name:en" v="Chihua Street"/>
  <tag k="name:zh" v="池华街"/>
  <tag k="oneway" v="-1"/>
 </way>
 <way id="1365868965" visible="true" version="2" changeset="177124345" timestamp="2026-01-12T07:13:37Z" user="Topiours" uid="21363326">
  <nd ref="9724086982"/>
  <nd ref="1666814443"/>
  <tag k="highway" v="secondary"/>
  <tag k="int_name" v="XiYuan Road"/>
  <tag k="lanes" v="2"/>
  <tag k="name" v="池华街"/>
  <tag k="name:en" v="Chihua Street"/>
  <tag k="name:zh" v="池华街"/>
  <tag k="oneway" v="yes"/>
 </way>
 <way id="1365868966" visible="true" version="1" changeset="163424573" timestamp="2025-03-10T03:56:03Z" user="Herman Lee" uid="6921384">
  <nd ref="7048129274"/>
  <nd ref="9724086982"/>
  <tag k="highway" v="tertiary"/>
  <tag k="name" v="墩余路"/>
  <tag k="oneway" v="yes"/>
 </way>
 <way id="1482392098" visible="true" version="2" changeset="178968966" timestamp="2026-02-24T03:27:44Z" user="Palewod" uid="23220906">
  <nd ref="8972146210"/>
  <nd ref="13594365838"/>
  <nd ref="13594369728"/>
  <nd ref="13594369729"/>
  <nd ref="13594365837"/>
  <nd ref="13594369730"/>
  <nd ref="13594365835"/>
  <nd ref="13594365834"/>
  <nd ref="13594365833"/>
  <nd ref="13594365832"/>
  <nd ref="13594365831"/>
  <nd ref="13594365830"/>
  <nd ref="13594365839"/>
  <nd ref="13594369733"/>
  <nd ref="13594369740"/>
  <nd ref="13594369739"/>
  <nd ref="13594365836"/>
  <nd ref="13594369738"/>
  <nd ref="13594369731"/>
  <nd ref="13594369732"/>
  <nd ref="13594365846"/>
  <nd ref="13594365845"/>
  <nd ref="13594365840"/>
  <nd ref="13594365849"/>
  <nd ref="13594365841"/>
  <nd ref="13594365848"/>
  <nd ref="13594365842"/>
  <nd ref="13594365847"/>
  <nd ref="13594365843"/>
  <nd ref="13594365844"/>
  <nd ref="13594365850"/>
  <nd ref="13594365851"/>
  <nd ref="13594365852"/>
  <nd ref="13594365858"/>
  <nd ref="13594365853"/>
  <nd ref="13594365854"/>
  <nd ref="13594365855"/>
  <nd ref="13594365857"/>
  <nd ref="13594365856"/>
  <nd ref="13594365859"/>
  <nd ref="13594365860"/>
  <nd ref="13594365861"/>
  <nd ref="13594365862"/>
  <nd ref="13594365863"/>
  <nd ref="13594365864"/>
  <nd ref="13594365865"/>
  <nd ref="13594365866"/>
  <nd ref="13594365867"/>
  <nd ref="13594365868"/>
  <nd ref="13594365869"/>
  <nd ref="13594365870"/>
  <tag k="construction" v="subway"/>
  <tag k="construction:railway" v="subway"/>
  <tag k="electrified" v="contact_line"/>
  <tag k="frequency" v="0"/>
  <tag k="gauge" v="1435"/>
  <tag k="layer" v="-2"/>
  <tag k="maxspeed" v="80"/>
  <tag k="name" v="杭州地铁4号线三期西延（在建）"/>
  <tag k="name:en" v="Hangzhou Metro Line 4 Phase Ⅲ west ext. (U/C)"/>
  <tag k="opening_date" v="2027-12-31"/>
  <tag k="railway" v="construction"/>
  <tag k="tunnel" v="yes"/>
  <tag k="voltage" v="1500"/>
  <tag k="wikipedia" v="zh:杭州地铁4号线"/>
 </way>
 <way id="1561656204" visible="true" version="1" changeset="189439266" timestamp="2026-09-23T09:41:24Z" user="KnDOW" uid="24584477">
  <nd ref="14208898371"/>
  <nd ref="14208898372"/>
  <nd ref="14208898375"/>
  <nd ref="14208898373"/>
  <nd ref="14208898374"/>
  <nd ref="14208898371"/>
  <tag k="building" v="yes"/>
  <tag k="name" v="伽利略"/>
 </way>
 <way id="1561656207" visible="true" version="1" changeset="189439266" timestamp="2026-09-23T09:41:24Z" user="KnDOW" uid="24584477">
  <nd ref="9986406728"/>
  <nd ref="6604499367"/>
  <nd ref="7048129274"/>
  <nd ref="9724086981"/>
  <tag k="highway" v="secondary"/>
  <tag k="int_name" v="XiYuan Road"/>
  <tag k="lanes" v="2"/>
  <tag k="name" v="西园路"/>
  <tag k="oneway" v="-1"/>
 </way>
 <way id="1561657854" visible="true" version="2" changeset="189448737" timestamp="2026-09-23T13:04:56Z" user="KnDOW" uid="24584477">
  <nd ref="14208910137"/>
  <nd ref="14208910138"/>
  <nd ref="14208910139"/>
  <nd ref="14208910140"/>
  <nd ref="14209332981"/>
  <nd ref="14208910141"/>
  <tag k="highway" v="footway"/>
  <tag k="name" v="111"/>
 </way>
 <way id="1561657855" visible="true" version="1" changeset="189439726" timestamp="2026-09-23T09:50:08Z" user="KnDOW" uid="24584477">
  <nd ref="14208910143"/>
  <nd ref="14208910144"/>
  <tag k="crossing" v="traffic_signals"/>
  <tag k="footway" v="crossing"/>
  <tag k="highway" v="footway"/>
 </way>
 <way id="1561657856" visible="true" version="1" changeset="189439726" timestamp="2026-09-23T09:50:08Z" user="KnDOW" uid="24584477">
  <nd ref="14208910137"/>
  <nd ref="14208910145"/>
  <nd ref="14208910146"/>
  <nd ref="14208910147"/>
  <nd ref="14208910148"/>
  <nd ref="14208910143"/>
  <tag k="highway" v="footway"/>
 </way>
 <way id="1561657857" visible="true" version="2" changeset="189448737" timestamp="2026-09-23T13:04:56Z" user="KnDOW" uid="24584477">
  <nd ref="14208910144"/>
  <nd ref="14208910149"/>
  <nd ref="14208910150"/>
  <nd ref="14208910151"/>
  <nd ref="14208910152"/>
  <nd ref="14208910155"/>
  <nd ref="14208910153"/>
  <nd ref="14208910154"/>
  <tag k="highway" v="footway"/>
 </way>
 <way id="1561657936" visible="true" version="1" changeset="189439792" timestamp="2026-09-23T09:51:24Z" user="KnDOW" uid="24584477">
  <nd ref="14208898378"/>
  <nd ref="1666817259"/>
  <nd ref="9986406728"/>
  <tag k="highway" v="secondary"/>
  <tag k="int_name" v="XiYuan Road"/>
  <tag k="lanes" v="2"/>
  <tag k="name" v="西园路"/>
  <tag k="oneway" v="-1"/>
 </way>
 <way id="1561707436" visible="true" version="1" changeset="189448737" timestamp="2026-09-23T13:04:56Z" user="KnDOW" uid="24584477">
  <nd ref="14208898378"/>
  <nd ref="14208910137"/>
  <nd ref="14209332980"/>
  <nd ref="14209332979"/>
  <nd ref="14208898375"/>
  <tag k="highway" v="unclassified"/>
  <tag k="oneway" v="no"/>
 </way>
 <way id="1561707437" visible="true" version="1" changeset="189448737" timestamp="2026-09-23T13:04:56Z" user="KnDOW" uid="24584477">
  <nd ref="14208910132"/>
  <nd ref="14208910141"/>
  <nd ref="14208910154"/>
  <nd ref="14208910136"/>
  <tag k="crossing" v="traffic_signals"/>
  <tag k="footway" v="crossing"/>
  <tag k="highway" v="footway"/>
 </way>
 <way id="1561707438" visible="true" version="1" changeset="189448737" timestamp="2026-09-23T13:04:56Z" user="KnDOW" uid="24584477">
  <nd ref="14208910132"/>
  <nd ref="14209332982"/>
  <nd ref="14208910136"/>
  <tag k="crossing" v="traffic_signals"/>
  <tag k="footway" v="crossing"/>
  <tag k="highway" v="footway"/>
 </way>
 <relation id="18794873" visible="true" version="5" changeset="177834138" timestamp="2026-01-29T07:29:16Z" user="Herman Lee" uid="6921384">
  <member type="node" ref="12643869509" role="platform_entry_only"/>
  <member type="node" ref="12643869553" role="platform"/>
  <member type="node" ref="5671013290" role="platform"/>
  <member type="node" ref="12645126272" role="platform"/>
  <member type="node" ref="12645126278" role="platform"/>
  <member type="node" ref="5618792478" role="platform"/>
  <member type="node" ref="12645126276" role="platform"/>
  <member type="node" ref="5618792499" role="platform"/>
  <member type="node" ref="5618792502" role="platform"/>
  <member type="node" ref="5618792503" role="platform"/>
  <member type="node" ref="5618792510" role="platform"/>
  <member type="node" ref="6604499320" role="platform"/>
  <member type="node" ref="12645126296" role="platform"/>
  <member type="node" ref="12645126292" role="platform"/>
  <member type="node" ref="12644750661" role="platform"/>
  <member type="node" ref="13358673447" role="platform"/>
  <member type="node" ref="12643869512" role="platform"/>
  <member type="node" ref="12643869515" role="platform_exit_only"/>
  <member type="way" ref="1365363212" role=""/>
  <member type="way" ref="836289735" role=""/>
  <member type="way" ref="836289734" role=""/>
  <member type="way" ref="1365363252" role=""/>
  <member type="way" ref="1365363253" role=""/>
  <member type="way" ref="834133217" role=""/>
  <member type="way" ref="1365363254" role=""/>
  <member type="way" ref="1365363255" role=""/>
  <member type="way" ref="754442468" role=""/>
  <member type="way" ref="154084272" role=""/>
  <member type="way" ref="1365463765" role=""/>
  <member type="way" ref="1365463764" role=""/>
  <member type="way" ref="754442465" role=""/>
  <member type="way" ref="594797083" role=""/>
  <member type="way" ref="154087012" role=""/>
  <member type="way" ref="1070329888" role=""/>
  <member type="way" ref="1070329887" role=""/>
  <member type="way" ref="154085522" role=""/>
  <member type="way" ref="588262369" role=""/>
  <member type="way" ref="588262372" role=""/>
  <member type="way" ref="588262377" role=""/>
  <member type="way" ref="1058245032" role=""/>
  <member type="way" ref="1058245033" role=""/>
  <member type="way" ref="154084219" role=""/>
  <member type="way" ref="1365463768" role=""/>
  <member type="way" ref="1366299753" role=""/>
  <member type="way" ref="588262371" role=""/>
  <member type="way" ref="1058245031" role=""/>
  <member type="way" ref="1365463774" role=""/>
  <member type="way" ref="1365463762" role=""/>
  <member type="way" ref="1365463761" role=""/>
  <member type="way" ref="786416593" role=""/>
  <member type="way" ref="1365363215" role=""/>
  <member type="way" ref="1058244999" role=""/>
  <member type="way" ref="1058245000" role=""/>
  <member type="way" ref="1365363213" role=""/>
  <tag k="from" v="地铁池华街站"/>
  <tag k="name" v="1225M路：地铁池华街 -&gt; 西湖广告产业园 -&gt; 三墩塘河"/>
  <tag k="name:zh" v="1225M路：地铁池华街 -&gt; 西湖广告产业园 -&gt; 三墩塘河"/>
  <tag k="opening_hours" v="Mo-Fr 07:00-10:30"/>
  <tag k="public_transport:version" v="2"/>
  <tag k="ref" v="1225M"/>
  <tag k="route" v="bus"/>
  <tag k="to" v="三墩塘河"/>
  <tag k="type" v="route"/>
 </relation>
 <relation id="18795379" visible="true" version="3" changeset="177834138" timestamp="2026-01-29T07:29:16Z" user="Herman Lee" uid="6921384">
  <member type="node" ref="12643869509" role="platform_entry_only"/>
  <member type="node" ref="12643869553" role="platform"/>
  <member type="node" ref="5671013290" role="platform"/>
  <member type="node" ref="12645126272" role="platform"/>
  <member type="node" ref="12645126278" role="platform"/>
  <member type="node" ref="5618792478" role="platform"/>
  <member type="node" ref="12645126276" role="platform"/>
  <member type="node" ref="5618792499" role="platform"/>
  <member type="node" ref="5618792502" role="platform"/>
  <member type="node" ref="5618792503" role="platform"/>
  <member type="node" ref="5618792510" role="platform"/>
  <member type="node" ref="12644750657" role="platform"/>
  <member type="node" ref="12644750661" role="platform"/>
  <member type="node" ref="13358673447" role="platform"/>
  <member type="node" ref="12643869512" role="platform"/>
  <member type="node" ref="12643869515" role="platform_exit_only"/>
  <member type="way" ref="1365363212" role=""/>
  <member type="way" ref="836289735" role=""/>
  <member type="way" ref="836289734" role=""/>
  <member type="way" ref="1365363252" role=""/>
  <member type="way" ref="1365363253" role=""/>
  <member type="way" ref="834133217" role=""/>
  <member type="way" ref="1365363254" role=""/>
  <member type="way" ref="1365363255" role=""/>
  <member type="way" ref="754442468" role=""/>
  <member type="way" ref="154084272" role=""/>
  <member type="way" ref="1365463765" role=""/>
  <member type="way" ref="1365463764" role=""/>
  <member type="way" ref="754442465" role=""/>
  <member type="way" ref="594797083" role=""/>
  <member type="way" ref="154087012" role=""/>
  <member type="way" ref="1070329888" role=""/>
  <member type="way" ref="1070329887" role=""/>
  <member type="way" ref="154085522" role=""/>
  <member type="way" ref="588262369" role=""/>
  <member type="way" ref="588262372" role=""/>
  <member type="way" ref="588262377" role=""/>
  <member type="way" ref="786416592" role=""/>
  <member type="way" ref="1365463761" role=""/>
  <member type="way" ref="786416593" role=""/>
  <member type="way" ref="1365363215" role=""/>
  <member type="way" ref="1058244999" role=""/>
  <member type="way" ref="1058245000" role=""/>
  <member type="way" ref="1365363213" role=""/>
  <tag k="from" v="地铁池华街站"/>
  <tag k="name" v="1225M路：地铁池华街站 -&gt; 振华路西园八路口 -&gt; 三墩塘河"/>
  <tag k="name:zh" v="1225M路：地铁池华街站 -&gt; 振华路西园八路口 -&gt; 三墩塘河"/>
  <tag k="opening_hours" v="Mo-Fr 16:30-20:30; Sa-Su 07:25-20:25"/>
  <tag k="public_transport:version" v="2"/>
  <tag k="ref" v="1225M"/>
  <tag k="route" v="bus"/>
  <tag k="to" v="三墩塘河（B·E）"/>
  <tag k="type" v="route"/>
  <tag k="via" v="振华路西园八路口"/>
 </relation>
 <relation id="18795394" visible="true" version="1" changeset="163357096" timestamp="2025-03-08T10:14:49Z" user="Herman Lee" uid="6921384">
  <member type="relation" ref="18794873" role=""/>
  <member type="relation" ref="18795379" role=""/>
  <member type="relation" ref="18794874" role=""/>
  <member type="relation" ref="18795378" role=""/>
  <tag k="name" v="杭州公交1225M路"/>
  <tag k="name:zh" v="杭州公交1225M路"/>
  <tag k="ref" v="1225M"/>
  <tag k="route_master" v="bus"/>
  <tag k="type" v="route_master"/>
 </relation>
 <relation id="18801639" visible="true" version="8" changeset="180519936" timestamp="2026-03-27T20:10:32Z" user="rza31" uid="2137840">
  <member type="node" ref="5686482970" role="platform_entry_only"/>
  <member type="node" ref="12649600478" role="platform"/>
  <member type="node" ref="12649600483" role="platform"/>
  <member type="node" ref="12649600486" role="platform"/>
  <member type="node" ref="5577991181" role="platform"/>
  <member type="node" ref="5577991182" role="platform"/>
  <member type="node" ref="5577991187" role="platform"/>
  <member type="node" ref="5577991198" role="platform"/>
  <member type="node" ref="12649600494" role="platform"/>
  <member type="node" ref="12649600498" role="platform"/>
  <member type="node" ref="12649600502" role="platform"/>
  <member type="node" ref="12648724537" role="platform"/>
  <member type="node" ref="12643869510" role="platform"/>
  <member type="node" ref="9901473467" role="platform"/>
  <member type="node" ref="12648724541" role="platform"/>
  <member type="node" ref="9901473466" role="platform"/>
  <member type="node" ref="9901473465" role="platform"/>
  <member type="node" ref="12704645013" role="platform"/>
  <member type="node" ref="12648724554" role="platform_exit_only"/>
  <member type="way" ref="1365868953" role=""/>
  <member type="way" ref="834538279" role=""/>
  <member type="way" ref="348686947" role=""/>
  <member type="way" ref="1470181907" role=""/>
  <member type="way" ref="1470181935" role=""/>
  <member type="way" ref="1470181936" role=""/>
  <member type="way" ref="1470181923" role=""/>
  <member type="way" ref="588262395" role=""/>
  <member type="way" ref="348686944" role=""/>
  <member type="way" ref="834582381" role=""/>
  <member type="way" ref="834582382" role=""/>
  <member type="way" ref="594794412" role=""/>
  <member type="way" ref="583447603" role=""/>
  <member type="way" ref="583447604" role=""/>
  <member type="way" ref="1454095539" role=""/>
  <member type="way" ref="1454095546" role=""/>
  <member type="way" ref="1365868962" role=""/>
  <member type="way" ref="1350936950" role=""/>
  <member type="way" ref="534060718" role=""/>
  <member type="way" ref="835993884" role=""/>
  <member type="way" ref="1365868963" role=""/>
  <member type="way" ref="835993885" role=""/>
  <member type="way" ref="1365363233" role=""/>
  <member type="way" ref="834548081" role=""/>
  <member type="way" ref="834548082" role=""/>
  <member type="way" ref="588257517" role=""/>
  <member type="way" ref="583447615" role=""/>
  <member type="way" ref="1493501092" role=""/>
  <member type="way" ref="559451587" role=""/>
  <member type="way" ref="559451586" role=""/>
  <member type="way" ref="1364743484" role=""/>
  <member type="way" ref="754442475" role=""/>
  <member type="way" ref="1364743492" role=""/>
  <member type="way" ref="754442472" role=""/>
  <member type="way" ref="1365463766" role=""/>
  <member type="way" ref="754442468" role=""/>
  <member type="way" ref="154084272" role=""/>
  <member type="way" ref="1365463765" role=""/>
  <member type="way" ref="1365463764" role=""/>
  <member type="way" ref="948132659" role=""/>
  <member type="way" ref="754442466" role=""/>
  <member type="way" ref="1365291428" role=""/>
  <member type="way" ref="1468121403" role=""/>
  <member type="way" ref="1468121399" role=""/>
  <member type="way" ref="1365868949" role=""/>
  <member type="way" ref="1468121367" role=""/>
  <member type="way" ref="1365291429" role=""/>
  <member type="way" ref="1365868970" role=""/>
  <member type="way" ref="371356605" role=""/>
  <member type="way" ref="1365868967" role=""/>
  <member type="way" ref="1372032793" role=""/>
  <member type="way" ref="833498221" role=""/>
  <member type="way" ref="833498220" role=""/>
  <member type="way" ref="1364743496" role=""/>
  <member type="way" ref="519457900" role=""/>
  <member type="way" ref="1364743494" role=""/>
  <member type="way" ref="834645801" role=""/>
  <member type="way" ref="438439674" role=""/>
  <member type="way" ref="1365868973" role=""/>
  <tag k="from" v="河塍上"/>
  <tag k="name" v="1297路：河塍上 -&gt; 莲池河头"/>
  <tag k="name:zh" v="1297路：河塍上 -&gt; 莲池河头"/>
  <tag k="opening_hours" v="Mo-Su 07:00-20:00"/>
  <tag k="public_transport:version" v="2"/>
  <tag k="ref" v="1297"/>
  <tag k="route" v="bus"/>
  <tag k="to" v="莲池河头"/>
  <tag k="type" v="route"/>
 </relation>
 <relation id="18801641" visible="true" version="9" changeset="180519936" timestamp="2026-03-27T20:10:32Z" user="rza31" uid="2137840">
  <member type="node" ref="12648724554" role="platform_entry_only"/>
  <member type="node" ref="8857056498" role="platform"/>
  <member type="node" ref="9901473467" role="platform"/>
  <member type="node" ref="12648724541" role="platform"/>
  <member type="node" ref="9901473466" role="platform"/>
  <member type="node" ref="9901473465" role="platform"/>
  <member type="node" ref="12643869509" role="platform"/>
  <member type="node" ref="12648724539" role="platform"/>
  <member type="node" ref="12648724536" role="platform"/>
  <member type="node" ref="12649600504" role="platform"/>
  <member type="node" ref="12649600500" role="platform"/>
  <member type="node" ref="12649600496" role="platform"/>
  <member type="node" ref="5577991199" role="platform"/>
  <member type="node" ref="5577991188" role="platform"/>
  <member type="node" ref="5577991183" role="platform"/>
  <member type="node" ref="5577991180" role="platform"/>
  <member type="node" ref="12649600487" role="platform"/>
  <member type="node" ref="5686482970" role="platform_exit_only"/>
  <member type="way" ref="549278736" role=""/>
  <member type="way" ref="703706196" role=""/>
  <member type="way" ref="834127003" role=""/>
  <member type="way" ref="1364743497" role=""/>
  <member type="way" ref="1364743498" role=""/>
  <member type="way" ref="1364743499" role=""/>
  <member type="way" ref="833492593" role=""/>
  <member type="way" ref="588258829" role=""/>
  <member type="way" ref="1468121367" role=""/>
  <member type="way" ref="1365291429" role=""/>
  <member type="way" ref="1365868970" role=""/>
  <member type="way" ref="371356605" role=""/>
  <member type="way" ref="1365868967" role=""/>
  <member type="way" ref="1468121401" role=""/>
  <member type="way" ref="1468121402" role=""/>
  <member type="way" ref="1372032794" role=""/>
  <member type="way" ref="754442467" role=""/>
  <member type="way" ref="948132658" role=""/>
  <member type="way" ref="1365868966" role=""/>
  <member type="way" ref="1365868965" role=""/>
  <member type="way" ref="154084029" role=""/>
  <member type="way" ref="754442469" role=""/>
  <member type="way" ref="754442473" role=""/>
  <member type="way" ref="754442474" role=""/>
  <member type="way" ref="1365463769" role=""/>
  <member type="way" ref="1365363212" role=""/>
  <member type="way" ref="594797109" role=""/>
  <member type="way" ref="559451585" role=""/>
  <member type="way" ref="559451588" role=""/>
  <member type="way" ref="1493501094" role=""/>
  <member type="way" ref="1493501093" role=""/>
  <member type="way" ref="583447616" role=""/>
  <member type="way" ref="1365868946" role=""/>
  <member type="way" ref="834097493" role=""/>
  <member type="way" ref="834097492" role=""/>
  <member type="way" ref="1365363250" role=""/>
  <member type="way" ref="1365868963" role=""/>
  <member type="way" ref="835993884" role=""/>
  <member type="way" ref="534060718" role=""/>
  <member type="way" ref="1350936950" role=""/>
  <member type="way" ref="1365868962" role=""/>
  <member type="way" ref="1454095548" role=""/>
  <member type="way" ref="1454095549" role=""/>
  <member type="way" ref="583447604" role=""/>
  <member type="way" ref="583447603" role=""/>
  <member type="way" ref="594794412" role=""/>
  <member type="way" ref="834582382" role=""/>
  <member type="way" ref="834582381" role=""/>
  <member type="way" ref="348686944" role=""/>
  <member type="way" ref="588262395" role=""/>
  <member type="way" ref="1454095523" role=""/>
  <member type="way" ref="1478836598" role=""/>
  <member type="way" ref="1470181905" role=""/>
  <member type="way" ref="1470181938" role=""/>
  <member type="way" ref="1470181937" role=""/>
  <member type="way" ref="1470181917" role=""/>
  <member type="way" ref="348686947" role=""/>
  <member type="way" ref="1365868951" role=""/>
  <member type="way" ref="348686946" role=""/>
  <member type="way" ref="1365868956" role=""/>
  <member type="way" ref="1074976027" role=""/>
  <member type="way" ref="1365868954" role=""/>
  <tag k="from" v="莲池河头"/>
  <tag k="name" v="1297路：莲池河头 -&gt; 河塍上"/>
  <tag k="name:zh" v="1297路：莲池河头 -&gt; 河塍上"/>
  <tag k="opening_hours" v="Mo-Su 06:20-19:20"/>
  <tag k="public_transport:version" v="2"/>
  <tag k="ref" v="1297"/>
  <tag k="route" v="bus"/>
  <tag k="to" v="河塍上"/>
  <tag k="type" v="route"/>
 </relation>
 <relation id="18802540" visible="true" version="1" changeset="163435449" timestamp="2025-03-10T10:30:18Z" user="Herman Lee" uid="6921384">
  <member type="relation" ref="18801639" role=""/>
  <member type="relation" ref="18801641" role=""/>
  <tag k="name" v="杭州公交1297路"/>
  <tag k="name:zh" v="杭州公交1297路"/>
  <tag k="ref" v="1297"/>
  <tag k="route_master" v="bus"/>
  <tag k="type" v="route_master"/>
 </relation>
</osm>
